id_code,diagnosis,adjudicated_dme,adjudicated_gradable,full_image_path
20060407_41831_0200_PP.png,2,0,1,/Users/sakshishetty/.cache/kagglehub/datasets/mariaherrerot/messidor2preprocess/versions/2/messidor-2/messidor-2/preprocess/20060407_41831_0200_PP.png
IM003482.JPG,2,0,1,/Users/sakshishetty/.cache/kagglehub/datasets/mariaherrerot/messidor2preprocess/versions/2/messidor-2/messidor-2/preprocess/IM003482.JPG
IM004132.JPG,2,0,1,/Users/sakshishetty/.cache/kagglehub/datasets/mariaherrerot/messidor2preprocess/versions/2/messidor-2/messidor-2/preprocess/IM004132.JPG
IM004192.JPG,0,0,1,/Users/sakshishetty/.cache/kagglehub/datasets/mariaherrerot/messidor2preprocess/versions/2/messidor-2/messidor-2/preprocess/IM004192.JPG
IM003147.JPG,0,0,1,/Users/sakshishetty/.cache/kagglehub/datasets/mariaherrerot/messidor2preprocess/versions/2/messidor-2/messidor-2/preprocess/IM003147.JPG
20051021_58316_0100_PP.png,1,0,1,/Users/sakshishetty/.cache/kagglehub/datasets/mariaherrerot/messidor2preprocess/versions/2/messidor-2/messidor-2/preprocess/20051021_58316_0100_PP.png
20060411_59812_0200_PP.png,2,1,1,/Users/sakshishetty/.cache/kagglehub/datasets/mariaherrerot/messidor2preprocess/versions/2/messidor-2/messidor-2/preprocess/20060411_59812_0200_PP.png
IM003330.JPG,1,0,1,/Users/sakshishetty/.cache/kagglehub/datasets/mariaherrerot/messidor2preprocess/versions/2/messidor-2/messidor-2/preprocess/IM003330.JPG
IM000726.JPG,2,0,1,/Users/sakshishetty/.cache/kagglehub/datasets/mariaherrerot/messidor2preprocess/versions/2/messidor-2/messidor-2/preprocess/IM000726.JPG
20051130_54030_0400_PP.png,0,0,1,/Users/sakshishetty/.cache/kagglehub/datasets/mariaherrerot/messidor2preprocess/versions/2/messidor-2/messidor-2/preprocess/20051130_54030_0400_PP.png
20051201_37557_0400_PP.png,0,0,1,/Users/sakshishetty/.cache/kagglehub/datasets/mariaherrerot/messidor2preprocess/versions/2/messidor-2/messidor-2/preprocess/20051201_37557_0400_PP.png
IM002034.JPG,0,0,1,/Users/sakshishetty/.cache/kagglehub/datasets/mariaherrerot/messidor2preprocess/versions/2/messidor-2/messidor-2/preprocess/IM002034.JPG
20060412_51952_0200_PP.png,3,1,1,/Users/sakshishetty/.cache/kagglehub/datasets/mariaherrerot/messidor2preprocess/versions/2/messidor-2/messidor-2/preprocess/20060412_51952_0200_PP.png
IM002027.JPG,0,0,1,/Users/sakshishetty/.cache/kagglehub/datasets/mariaherrerot/messidor2preprocess/versions/2/messidor-2/messidor-2/preprocess/IM002027.JPG
20060411_58971_0200_PP.png,1,0,1,/Users/sakshishetty/.cache/kagglehub/datasets/mariaherrerot/messidor2preprocess/versions/2/messidor-2/messidor-2/preprocess/20060411_58971_0200_PP.png
20060530_55816_0100_PP.png,2,1,1,/Users/sakshishetty/.cache/kagglehub/datasets/mariaherrerot/messidor2preprocess/versions/2/messidor-2/messidor-2/preprocess/20060530_55816_0100_PP.png
20060411_58829_0200_PP.png,0,0,1,/Users/sakshishetty/.cache/kagglehub/datasets/mariaherrerot/messidor2preprocess/versions/2/messidor-2/messidor-2/preprocess/20060411_58829_0200_PP.png
20051116_44615_0400_PP.png,1,0,1,/Users/sakshishetty/.cache/kagglehub/datasets/mariaherrerot/messidor2preprocess/versions/2/messidor-2/messidor-2/preprocess/20051116_44615_0400_PP.png
20051020_63269_0100_PP.png,0,0,1,/Users/sakshishetty/.cache/kagglehub/datasets/mariaherrerot/messidor2preprocess/versions/2/messidor-2/messidor-2/preprocess/20051020_63269_0100_PP.png
20051216_45619_0200_PP.png,1,0,1,/Users/sakshishetty/.cache/kagglehub/datasets/mariaherrerot/messidor2preprocess/versions/2/messidor-2/messidor-2/preprocess/20051216_45619_0200_PP.png
20060530_54107_0100_PP.png,2,0,1,/Users/sakshishetty/.cache/kagglehub/datasets/mariaherrerot/messidor2preprocess/versions/2/messidor-2/messidor-2/preprocess/20060530_54107_0100_PP.png
20060530_53928_0100_PP.png,0,0,1,/Users/sakshishetty/.cache/kagglehub/datasets/mariaherrerot/messidor2preprocess/versions/2/messidor-2/messidor-2/preprocess/20060530_53928_0100_PP.png
20060412_63088_0200_PP.png,1,0,1,/Users/sakshishetty/.cache/kagglehub/datasets/mariaherrerot/messidor2preprocess/versions/2/messidor-2/messidor-2/preprocess/20060412_63088_0200_PP.png
20051020_64703_0100_PP.png,1,0,1,/Users/sakshishetty/.cache/kagglehub/datasets/mariaherrerot/messidor2preprocess/versions/2/messidor-2/messidor-2/preprocess/20051020_64703_0100_PP.png
20060410_43847_0200_PP.png,0,0,1,/Users/sakshishetty/.cache/kagglehub/datasets/mariaherrerot/messidor2preprocess/versions/2/messidor-2/messidor-2/preprocess/20060410_43847_0200_PP.png
IM002523.JPG,2,0,1,/Users/sakshishetty/.cache/kagglehub/datasets/mariaherrerot/messidor2preprocess/versions/2/messidor-2/messidor-2/preprocess/IM002523.JPG
20060523_48028_0100_PP.png,2,1,1,/Users/sakshishetty/.cache/kagglehub/datasets/mariaherrerot/messidor2preprocess/versions/2/messidor-2/messidor-2/preprocess/20060523_48028_0100_PP.png
20060530_55607_0100_PP.png,0,0,1,/Users/sakshishetty/.cache/kagglehub/datasets/mariaherrerot/messidor2preprocess/versions/2/messidor-2/messidor-2/preprocess/20060530_55607_0100_PP.png
IM002473.JPG,0,0,1,/Users/sakshishetty/.cache/kagglehub/datasets/mariaherrerot/messidor2preprocess/versions/2/messidor-2/messidor-2/preprocess/IM002473.JPG
20051110_33960_0400_PP.png,0,0,1,/Users/sakshishetty/.cache/kagglehub/datasets/mariaherrerot/messidor2preprocess/versions/2/messidor-2/messidor-2/preprocess/20051110_33960_0400_PP.png
20060412_60895_0200_PP.png,2,1,1,/Users/sakshishetty/.cache/kagglehub/datasets/mariaherrerot/messidor2preprocess/versions/2/messidor-2/messidor-2/preprocess/20060412_60895_0200_PP.png
IM004053.JPG,2,0,1,/Users/sakshishetty/.cache/kagglehub/datasets/mariaherrerot/messidor2preprocess/versions/2/messidor-2/messidor-2/preprocess/IM004053.JPG
20051202_48421_0400_PP.png,1,0,1,/Users/sakshishetty/.cache/kagglehub/datasets/mariaherrerot/messidor2preprocess/versions/2/messidor-2/messidor-2/preprocess/20051202_48421_0400_PP.png
20051020_57967_0100_PP.png,0,0,1,/Users/sakshishetty/.cache/kagglehub/datasets/mariaherrerot/messidor2preprocess/versions/2/messidor-2/messidor-2/preprocess/20051020_57967_0100_PP.png
IM001559.JPG,0,0,1,/Users/sakshishetty/.cache/kagglehub/datasets/mariaherrerot/messidor2preprocess/versions/2/messidor-2/messidor-2/preprocess/IM001559.JPG
IM000560.JPG,0,0,1,/Users/sakshishetty/.cache/kagglehub/datasets/mariaherrerot/messidor2preprocess/versions/2/messidor-2/messidor-2/preprocess/IM000560.JPG
IM000263.JPG,0,0,1,/Users/sakshishetty/.cache/kagglehub/datasets/mariaherrerot/messidor2preprocess/versions/2/messidor-2/messidor-2/preprocess/IM000263.JPG
IM003879.JPG,0,0,1,/Users/sakshishetty/.cache/kagglehub/datasets/mariaherrerot/messidor2preprocess/versions/2/messidor-2/messidor-2/preprocess/IM003879.JPG
IM000107.JPG,0,0,1,/Users/sakshishetty/.cache/kagglehub/datasets/mariaherrerot/messidor2preprocess/versions/2/messidor-2/messidor-2/preprocess/IM000107.JPG
20060523_48709_0100_PP.png,0,0,1,/Users/sakshishetty/.cache/kagglehub/datasets/mariaherrerot/messidor2preprocess/versions/2/messidor-2/messidor-2/preprocess/20060523_48709_0100_PP.png
20051130_59749_0400_PP.png,0,0,1,/Users/sakshishetty/.cache/kagglehub/datasets/mariaherrerot/messidor2preprocess/versions/2/messidor-2/messidor-2/preprocess/20051130_59749_0400_PP.png
IM004553.JPG,0,0,1,/Users/sakshishetty/.cache/kagglehub/datasets/mariaherrerot/messidor2preprocess/versions/2/messidor-2/messidor-2/preprocess/IM004553.JPG
20051201_38155_0400_PP.png,0,0,1,/Users/sakshishetty/.cache/kagglehub/datasets/mariaherrerot/messidor2preprocess/versions/2/messidor-2/messidor-2/preprocess/20051201_38155_0400_PP.png
IM001138.JPG,0,0,1,/Users/sakshishetty/.cache/kagglehub/datasets/mariaherrerot/messidor2preprocess/versions/2/messidor-2/messidor-2/preprocess/IM001138.JPG
IM003989.JPG,0,0,1,/Users/sakshishetty/.cache/kagglehub/datasets/mariaherrerot/messidor2preprocess/versions/2/messidor-2/messidor-2/preprocess/IM003989.JPG
20051214_51701_0100_PP.png,3,1,1,/Users/sakshishetty/.cache/kagglehub/datasets/mariaherrerot/messidor2preprocess/versions/2/messidor-2/messidor-2/preprocess/20051214_51701_0100_PP.png
IM001102.JPG,0,0,1,/Users/sakshishetty/.cache/kagglehub/datasets/mariaherrerot/messidor2preprocess/versions/2/messidor-2/messidor-2/preprocess/IM001102.JPG
20060407_40761_0200_PP.png,0,0,1,/Users/sakshishetty/.cache/kagglehub/datasets/mariaherrerot/messidor2preprocess/versions/2/messidor-2/messidor-2/preprocess/20060407_40761_0200_PP.png
IM004028.JPG,0,0,1,/Users/sakshishetty/.cache/kagglehub/datasets/mariaherrerot/messidor2preprocess/versions/2/messidor-2/messidor-2/preprocess/IM004028.JPG
IM004086.JPG,1,0,1,/Users/sakshishetty/.cache/kagglehub/datasets/mariaherrerot/messidor2preprocess/versions/2/messidor-2/messidor-2/preprocess/IM004086.JPG
IM001490.JPG,0,0,1,/Users/sakshishetty/.cache/kagglehub/datasets/mariaherrerot/messidor2preprocess/versions/2/messidor-2/messidor-2/preprocess/IM001490.JPG
20051117_37130_0400_PP.png,0,0,1,/Users/sakshishetty/.cache/kagglehub/datasets/mariaherrerot/messidor2preprocess/versions/2/messidor-2/messidor-2/preprocess/20051117_37130_0400_PP.png
20060407_45247_0200_PP.png,0,0,1,/Users/sakshishetty/.cache/kagglehub/datasets/mariaherrerot/messidor2preprocess/versions/2/messidor-2/messidor-2/preprocess/20060407_45247_0200_PP.png
IM003215.JPG,0,0,1,/Users/sakshishetty/.cache/kagglehub/datasets/mariaherrerot/messidor2preprocess/versions/2/messidor-2/messidor-2/preprocess/IM003215.JPG
IM002765.JPG,1,0,1,/Users/sakshishetty/.cache/kagglehub/datasets/mariaherrerot/messidor2preprocess/versions/2/messidor-2/messidor-2/preprocess/IM002765.JPG
IM004439.JPG,0,0,1,/Users/sakshishetty/.cache/kagglehub/datasets/mariaherrerot/messidor2preprocess/versions/2/messidor-2/messidor-2/preprocess/IM004439.JPG
IM003454.JPG,0,0,1,/Users/sakshishetty/.cache/kagglehub/datasets/mariaherrerot/messidor2preprocess/versions/2/messidor-2/messidor-2/preprocess/IM003454.JPG
IM000212.JPG,0,0,1,/Users/sakshishetty/.cache/kagglehub/datasets/mariaherrerot/messidor2preprocess/versions/2/messidor-2/messidor-2/preprocess/IM000212.JPG
IM004739.JPG,0,0,1,/Users/sakshishetty/.cache/kagglehub/datasets/mariaherrerot/messidor2preprocess/versions/2/messidor-2/messidor-2/preprocess/IM004739.JPG
20051202_48232_0400_PP.png,2,0,1,/Users/sakshishetty/.cache/kagglehub/datasets/mariaherrerot/messidor2preprocess/versions/2/messidor-2/messidor-2/preprocess/20051202_48232_0400_PP.png
IM001167.JPG,0,0,1,/Users/sakshishetty/.cache/kagglehub/datasets/mariaherrerot/messidor2preprocess/versions/2/messidor-2/messidor-2/preprocess/IM001167.JPG
20051116_44804_0400_PP.png,1,0,1,/Users/sakshishetty/.cache/kagglehub/datasets/mariaherrerot/messidor2preprocess/versions/2/messidor-2/messidor-2/preprocess/20051116_44804_0400_PP.png
IM002861.JPG,0,0,1,/Users/sakshishetty/.cache/kagglehub/datasets/mariaherrerot/messidor2preprocess/versions/2/messidor-2/messidor-2/preprocess/IM002861.JPG
IM001211.JPG,0,0,1,/Users/sakshishetty/.cache/kagglehub/datasets/mariaherrerot/messidor2preprocess/versions/2/messidor-2/messidor-2/preprocess/IM001211.JPG
20051208_42314_0400_PP.png,4,0,1,/Users/sakshishetty/.cache/kagglehub/datasets/mariaherrerot/messidor2preprocess/versions/2/messidor-2/messidor-2/preprocess/20051208_42314_0400_PP.png
IM000567.JPG,0,0,1,/Users/sakshishetty/.cache/kagglehub/datasets/mariaherrerot/messidor2preprocess/versions/2/messidor-2/messidor-2/preprocess/IM000567.JPG
20051021_57798_0100_PP.png,0,0,1,/Users/sakshishetty/.cache/kagglehub/datasets/mariaherrerot/messidor2preprocess/versions/2/messidor-2/messidor-2/preprocess/20051021_57798_0100_PP.png
IM001293.JPG,0,0,1,/Users/sakshishetty/.cache/kagglehub/datasets/mariaherrerot/messidor2preprocess/versions/2/messidor-2/messidor-2/preprocess/IM001293.JPG
IM004399.JPG,0,0,1,/Users/sakshishetty/.cache/kagglehub/datasets/mariaherrerot/messidor2preprocess/versions/2/messidor-2/messidor-2/preprocess/IM004399.JPG
IM003221.JPG,1,0,1,/Users/sakshishetty/.cache/kagglehub/datasets/mariaherrerot/messidor2preprocess/versions/2/messidor-2/messidor-2/preprocess/IM003221.JPG
20060407_46257_0200_PP.png,0,0,1,/Users/sakshishetty/.cache/kagglehub/datasets/mariaherrerot/messidor2preprocess/versions/2/messidor-2/messidor-2/preprocess/20060407_46257_0200_PP.png
20060530_53522_0100_PP.png,2,0,1,/Users/sakshishetty/.cache/kagglehub/datasets/mariaherrerot/messidor2preprocess/versions/2/messidor-2/messidor-2/preprocess/20060530_53522_0100_PP.png
20051212_41144_0400_PP.png,3,0,1,/Users/sakshishetty/.cache/kagglehub/datasets/mariaherrerot/messidor2preprocess/versions/2/messidor-2/messidor-2/preprocess/20051212_41144_0400_PP.png
20051216_46624_0200_PP.png,2,0,1,/Users/sakshishetty/.cache/kagglehub/datasets/mariaherrerot/messidor2preprocess/versions/2/messidor-2/messidor-2/preprocess/20051216_46624_0200_PP.png
IM000580.JPG,0,0,1,/Users/sakshishetty/.cache/kagglehub/datasets/mariaherrerot/messidor2preprocess/versions/2/messidor-2/messidor-2/preprocess/IM000580.JPG
20060530_36895_0100_PP.png,2,0,1,/Users/sakshishetty/.cache/kagglehub/datasets/mariaherrerot/messidor2preprocess/versions/2/messidor-2/messidor-2/preprocess/20060530_36895_0100_PP.png
IM000538.JPG,0,0,1,/Users/sakshishetty/.cache/kagglehub/datasets/mariaherrerot/messidor2preprocess/versions/2/messidor-2/messidor-2/preprocess/IM000538.JPG
IM000881.JPG,0,0,1,/Users/sakshishetty/.cache/kagglehub/datasets/mariaherrerot/messidor2preprocess/versions/2/messidor-2/messidor-2/preprocess/IM000881.JPG
20051214_52242_0100_PP.png,3,0,1,/Users/sakshishetty/.cache/kagglehub/datasets/mariaherrerot/messidor2preprocess/versions/2/messidor-2/messidor-2/preprocess/20051214_52242_0100_PP.png
IM001246.JPG,0,0,1,/Users/sakshishetty/.cache/kagglehub/datasets/mariaherrerot/messidor2preprocess/versions/2/messidor-2/messidor-2/preprocess/IM001246.JPG
20060522_43758_0100_PP.png,0,0,1,/Users/sakshishetty/.cache/kagglehub/datasets/mariaherrerot/messidor2preprocess/versions/2/messidor-2/messidor-2/preprocess/20060522_43758_0100_PP.png
20051020_57566_0100_PP.png,2,1,1,/Users/sakshishetty/.cache/kagglehub/datasets/mariaherrerot/messidor2preprocess/versions/2/messidor-2/messidor-2/preprocess/20051020_57566_0100_PP.png
20051021_58178_0100_PP.png,2,0,1,/Users/sakshishetty/.cache/kagglehub/datasets/mariaherrerot/messidor2preprocess/versions/2/messidor-2/messidor-2/preprocess/20051021_58178_0100_PP.png
IM001454.JPG,0,0,1,/Users/sakshishetty/.cache/kagglehub/datasets/mariaherrerot/messidor2preprocess/versions/2/messidor-2/messidor-2/preprocess/IM001454.JPG
20060407_44304_0200_PP.png,2,1,1,/Users/sakshishetty/.cache/kagglehub/datasets/mariaherrerot/messidor2preprocess/versions/2/messidor-2/messidor-2/preprocess/20060407_44304_0200_PP.png
IM001845.JPG,0,0,1,/Users/sakshishetty/.cache/kagglehub/datasets/mariaherrerot/messidor2preprocess/versions/2/messidor-2/messidor-2/preprocess/IM001845.JPG
20051021_52127_0100_PP.png,4,0,1,/Users/sakshishetty/.cache/kagglehub/datasets/mariaherrerot/messidor2preprocess/versions/2/messidor-2/messidor-2/preprocess/20051021_52127_0100_PP.png
IM000357.JPG,0,0,1,/Users/sakshishetty/.cache/kagglehub/datasets/mariaherrerot/messidor2preprocess/versions/2/messidor-2/messidor-2/preprocess/IM000357.JPG
IM002441.JPG,0,0,1,/Users/sakshishetty/.cache/kagglehub/datasets/mariaherrerot/messidor2preprocess/versions/2/messidor-2/messidor-2/preprocess/IM002441.JPG
20060407_45362_0200_PP.png,1,0,1,/Users/sakshishetty/.cache/kagglehub/datasets/mariaherrerot/messidor2preprocess/versions/2/messidor-2/messidor-2/preprocess/20060407_45362_0200_PP.png
20060410_44364_0200_PP.png,0,0,1,/Users/sakshishetty/.cache/kagglehub/datasets/mariaherrerot/messidor2preprocess/versions/2/messidor-2/messidor-2/preprocess/20060410_44364_0200_PP.png
20051216_44961_0200_PP.png,2,0,1,/Users/sakshishetty/.cache/kagglehub/datasets/mariaherrerot/messidor2preprocess/versions/2/messidor-2/messidor-2/preprocess/20051216_44961_0200_PP.png
20060407_39328_0200_PP.png,0,0,1,/Users/sakshishetty/.cache/kagglehub/datasets/mariaherrerot/messidor2preprocess/versions/2/messidor-2/messidor-2/preprocess/20060407_39328_0200_PP.png
IM001272.JPG,0,0,1,/Users/sakshishetty/.cache/kagglehub/datasets/mariaherrerot/messidor2preprocess/versions/2/messidor-2/messidor-2/preprocess/IM001272.JPG
IM000426.JPG,0,0,1,/Users/sakshishetty/.cache/kagglehub/datasets/mariaherrerot/messidor2preprocess/versions/2/messidor-2/messidor-2/preprocess/IM000426.JPG
IM003360.JPG,4,0,1,/Users/sakshishetty/.cache/kagglehub/datasets/mariaherrerot/messidor2preprocess/versions/2/messidor-2/messidor-2/preprocess/IM003360.JPG
20060412_61615_0200_PP.png,1,0,1,/Users/sakshishetty/.cache/kagglehub/datasets/mariaherrerot/messidor2preprocess/versions/2/messidor-2/messidor-2/preprocess/20060412_61615_0200_PP.png
IM002276.JPG,0,0,1,/Users/sakshishetty/.cache/kagglehub/datasets/mariaherrerot/messidor2preprocess/versions/2/messidor-2/messidor-2/preprocess/IM002276.JPG
IM001252.JPG,0,0,1,/Users/sakshishetty/.cache/kagglehub/datasets/mariaherrerot/messidor2preprocess/versions/2/messidor-2/messidor-2/preprocess/IM001252.JPG
20051130_59793_0400_PP.png,0,0,1,/Users/sakshishetty/.cache/kagglehub/datasets/mariaherrerot/messidor2preprocess/versions/2/messidor-2/messidor-2/preprocess/20051130_59793_0400_PP.png
20051214_57817_0100_PP.png,0,0,1,/Users/sakshishetty/.cache/kagglehub/datasets/mariaherrerot/messidor2preprocess/versions/2/messidor-2/messidor-2/preprocess/20051214_57817_0100_PP.png
IM002223.JPG,0,0,1,/Users/sakshishetty/.cache/kagglehub/datasets/mariaherrerot/messidor2preprocess/versions/2/messidor-2/messidor-2/preprocess/IM002223.JPG
20051202_56012_0400_PP.png,2,0,1,/Users/sakshishetty/.cache/kagglehub/datasets/mariaherrerot/messidor2preprocess/versions/2/messidor-2/messidor-2/preprocess/20051202_56012_0400_PP.png
20060523_49176_0100_PP.png,0,0,1,/Users/sakshishetty/.cache/kagglehub/datasets/mariaherrerot/messidor2preprocess/versions/2/messidor-2/messidor-2/preprocess/20060523_49176_0100_PP.png
20051205_58150_0400_PP.png,0,0,1,/Users/sakshishetty/.cache/kagglehub/datasets/mariaherrerot/messidor2preprocess/versions/2/messidor-2/messidor-2/preprocess/20051205_58150_0400_PP.png
20051020_64775_0100_PP.png,0,0,1,/Users/sakshishetty/.cache/kagglehub/datasets/mariaherrerot/messidor2preprocess/versions/2/messidor-2/messidor-2/preprocess/20051020_64775_0100_PP.png
20060411_58644_0200_PP.png,0,0,1,/Users/sakshishetty/.cache/kagglehub/datasets/mariaherrerot/messidor2preprocess/versions/2/messidor-2/messidor-2/preprocess/20060411_58644_0200_PP.png
IM001161.JPG,0,0,1,/Users/sakshishetty/.cache/kagglehub/datasets/mariaherrerot/messidor2preprocess/versions/2/messidor-2/messidor-2/preprocess/IM001161.JPG
20060407_39435_0200_PP.png,0,0,1,/Users/sakshishetty/.cache/kagglehub/datasets/mariaherrerot/messidor2preprocess/versions/2/messidor-2/messidor-2/preprocess/20060407_39435_0200_PP.png
IM004507.JPG,2,0,1,/Users/sakshishetty/.cache/kagglehub/datasets/mariaherrerot/messidor2preprocess/versions/2/messidor-2/messidor-2/preprocess/IM004507.JPG
20060522_45583_0100_PP.png,4,1,1,/Users/sakshishetty/.cache/kagglehub/datasets/mariaherrerot/messidor2preprocess/versions/2/messidor-2/messidor-2/preprocess/20060522_45583_0100_PP.png
20060523_43267_0100_PP.png,1,1,1,/Users/sakshishetty/.cache/kagglehub/datasets/mariaherrerot/messidor2preprocess/versions/2/messidor-2/messidor-2/preprocess/20060523_43267_0100_PP.png
20051202_55846_0400_PP.png,2,1,1,/Users/sakshishetty/.cache/kagglehub/datasets/mariaherrerot/messidor2preprocess/versions/2/messidor-2/messidor-2/preprocess/20051202_55846_0400_PP.png
20060523_48182_0100_PP.png,3,1,1,/Users/sakshishetty/.cache/kagglehub/datasets/mariaherrerot/messidor2preprocess/versions/2/messidor-2/messidor-2/preprocess/20060523_48182_0100_PP.png
20060411_57962_0200_PP.png,1,0,1,/Users/sakshishetty/.cache/kagglehub/datasets/mariaherrerot/messidor2preprocess/versions/2/messidor-2/messidor-2/preprocess/20060411_57962_0200_PP.png
20060530_36860_0100_PP.png,2,1,1,/Users/sakshishetty/.cache/kagglehub/datasets/mariaherrerot/messidor2preprocess/versions/2/messidor-2/messidor-2/preprocess/20060530_36860_0100_PP.png
IM000683.JPG,0,0,1,/Users/sakshishetty/.cache/kagglehub/datasets/mariaherrerot/messidor2preprocess/versions/2/messidor-2/messidor-2/preprocess/IM000683.JPG
IM001751.JPG,4,0,1,/Users/sakshishetty/.cache/kagglehub/datasets/mariaherrerot/messidor2preprocess/versions/2/messidor-2/messidor-2/preprocess/IM001751.JPG
20060522_45935_0100_PP.png,1,0,1,/Users/sakshishetty/.cache/kagglehub/datasets/mariaherrerot/messidor2preprocess/versions/2/messidor-2/messidor-2/preprocess/20060522_45935_0100_PP.png
20060411_58808_0200_PP.png,0,0,1,/Users/sakshishetty/.cache/kagglehub/datasets/mariaherrerot/messidor2preprocess/versions/2/messidor-2/messidor-2/preprocess/20060411_58808_0200_PP.png
20051116_44816_0400_PP.png,1,0,1,/Users/sakshishetty/.cache/kagglehub/datasets/mariaherrerot/messidor2preprocess/versions/2/messidor-2/messidor-2/preprocess/20051116_44816_0400_PP.png
IM003625.JPG,0,0,1,/Users/sakshishetty/.cache/kagglehub/datasets/mariaherrerot/messidor2preprocess/versions/2/messidor-2/messidor-2/preprocess/IM003625.JPG
IM004161.JPG,0,0,1,/Users/sakshishetty/.cache/kagglehub/datasets/mariaherrerot/messidor2preprocess/versions/2/messidor-2/messidor-2/preprocess/IM004161.JPG
IM001110.JPG,1,0,1,/Users/sakshishetty/.cache/kagglehub/datasets/mariaherrerot/messidor2preprocess/versions/2/messidor-2/messidor-2/preprocess/IM001110.JPG
20060411_62162_0200_PP.png,0,0,1,/Users/sakshishetty/.cache/kagglehub/datasets/mariaherrerot/messidor2preprocess/versions/2/messidor-2/messidor-2/preprocess/20060411_62162_0200_PP.png
IM002622.JPG,0,0,1,/Users/sakshishetty/.cache/kagglehub/datasets/mariaherrerot/messidor2preprocess/versions/2/messidor-2/messidor-2/preprocess/IM002622.JPG
20051116_54692_0400_PP.png,1,0,1,/Users/sakshishetty/.cache/kagglehub/datasets/mariaherrerot/messidor2preprocess/versions/2/messidor-2/messidor-2/preprocess/20051116_54692_0400_PP.png
20060407_45852_0200_PP.png,0,0,1,/Users/sakshishetty/.cache/kagglehub/datasets/mariaherrerot/messidor2preprocess/versions/2/messidor-2/messidor-2/preprocess/20060407_45852_0200_PP.png
IM004569.JPG,0,0,1,/Users/sakshishetty/.cache/kagglehub/datasets/mariaherrerot/messidor2preprocess/versions/2/messidor-2/messidor-2/preprocess/IM004569.JPG
IM002649.JPG,0,0,1,/Users/sakshishetty/.cache/kagglehub/datasets/mariaherrerot/messidor2preprocess/versions/2/messidor-2/messidor-2/preprocess/IM002649.JPG
20060410_40830_0200_PP.png,1,0,1,/Users/sakshishetty/.cache/kagglehub/datasets/mariaherrerot/messidor2preprocess/versions/2/messidor-2/messidor-2/preprocess/20060410_40830_0200_PP.png
20051216_44832_0200_PP.png,0,0,1,/Users/sakshishetty/.cache/kagglehub/datasets/mariaherrerot/messidor2preprocess/versions/2/messidor-2/messidor-2/preprocess/20051216_44832_0200_PP.png
IM001581.JPG,0,0,1,/Users/sakshishetty/.cache/kagglehub/datasets/mariaherrerot/messidor2preprocess/versions/2/messidor-2/messidor-2/preprocess/IM001581.JPG
20051205_35162_0400_PP.png,2,0,1,/Users/sakshishetty/.cache/kagglehub/datasets/mariaherrerot/messidor2preprocess/versions/2/messidor-2/messidor-2/preprocess/20051205_35162_0400_PP.png
20051020_64518_0100_PP.png,2,1,1,/Users/sakshishetty/.cache/kagglehub/datasets/mariaherrerot/messidor2preprocess/versions/2/messidor-2/messidor-2/preprocess/20051020_64518_0100_PP.png
20060411_58913_0200_PP.png,0,0,1,/Users/sakshishetty/.cache/kagglehub/datasets/mariaherrerot/messidor2preprocess/versions/2/messidor-2/messidor-2/preprocess/20060411_58913_0200_PP.png
20060407_39402_0200_PP.png,1,0,1,/Users/sakshishetty/.cache/kagglehub/datasets/mariaherrerot/messidor2preprocess/versions/2/messidor-2/messidor-2/preprocess/20060407_39402_0200_PP.png
IM000537.JPG,0,0,1,/Users/sakshishetty/.cache/kagglehub/datasets/mariaherrerot/messidor2preprocess/versions/2/messidor-2/messidor-2/preprocess/IM000537.JPG
20060411_59587_0200_PP.png,1,0,1,/Users/sakshishetty/.cache/kagglehub/datasets/mariaherrerot/messidor2preprocess/versions/2/messidor-2/messidor-2/preprocess/20060411_59587_0200_PP.png
IM002946.JPG,0,0,1,/Users/sakshishetty/.cache/kagglehub/datasets/mariaherrerot/messidor2preprocess/versions/2/messidor-2/messidor-2/preprocess/IM002946.JPG
20051212_38106_0400_PP.png,2,0,1,/Users/sakshishetty/.cache/kagglehub/datasets/mariaherrerot/messidor2preprocess/versions/2/messidor-2/messidor-2/preprocess/20051212_38106_0400_PP.png
IM000924.JPG,0,0,1,/Users/sakshishetty/.cache/kagglehub/datasets/mariaherrerot/messidor2preprocess/versions/2/messidor-2/messidor-2/preprocess/IM000924.JPG
20051205_57809_0400_PP.png,0,0,1,/Users/sakshishetty/.cache/kagglehub/datasets/mariaherrerot/messidor2preprocess/versions/2/messidor-2/messidor-2/preprocess/20051205_57809_0400_PP.png
IM002725.JPG,0,0,1,/Users/sakshishetty/.cache/kagglehub/datasets/mariaherrerot/messidor2preprocess/versions/2/messidor-2/messidor-2/preprocess/IM002725.JPG
IM003969.JPG,0,0,1,/Users/sakshishetty/.cache/kagglehub/datasets/mariaherrerot/messidor2preprocess/versions/2/messidor-2/messidor-2/preprocess/IM003969.JPG
20060410_41747_0200_PP.png,1,1,1,/Users/sakshishetty/.cache/kagglehub/datasets/mariaherrerot/messidor2preprocess/versions/2/messidor-2/messidor-2/preprocess/20060410_41747_0200_PP.png
20060412_61593_0200_PP.png,1,0,1,/Users/sakshishetty/.cache/kagglehub/datasets/mariaherrerot/messidor2preprocess/versions/2/messidor-2/messidor-2/preprocess/20060412_61593_0200_PP.png
20060410_43675_0200_PP.png,1,1,1,/Users/sakshishetty/.cache/kagglehub/datasets/mariaherrerot/messidor2preprocess/versions/2/messidor-2/messidor-2/preprocess/20060410_43675_0200_PP.png
20051214_50895_0100_PP.png,2,0,1,/Users/sakshishetty/.cache/kagglehub/datasets/mariaherrerot/messidor2preprocess/versions/2/messidor-2/messidor-2/preprocess/20051214_50895_0100_PP.png
20060410_40481_0200_PP.png,1,0,1,/Users/sakshishetty/.cache/kagglehub/datasets/mariaherrerot/messidor2preprocess/versions/2/messidor-2/messidor-2/preprocess/20060410_40481_0200_PP.png
IM001199.JPG,0,0,1,/Users/sakshishetty/.cache/kagglehub/datasets/mariaherrerot/messidor2preprocess/versions/2/messidor-2/messidor-2/preprocess/IM001199.JPG
20051020_44982_0100_PP.png,0,0,1,/Users/sakshishetty/.cache/kagglehub/datasets/mariaherrerot/messidor2preprocess/versions/2/messidor-2/messidor-2/preprocess/20051020_44982_0100_PP.png
20060411_61869_0200_PP.png,0,0,1,/Users/sakshishetty/.cache/kagglehub/datasets/mariaherrerot/messidor2preprocess/versions/2/messidor-2/messidor-2/preprocess/20060411_61869_0200_PP.png
20060410_45188_0200_PP.png,0,0,1,/Users/sakshishetty/.cache/kagglehub/datasets/mariaherrerot/messidor2preprocess/versions/2/messidor-2/messidor-2/preprocess/20060410_45188_0200_PP.png
20060412_51932_0200_PP.png,2,0,1,/Users/sakshishetty/.cache/kagglehub/datasets/mariaherrerot/messidor2preprocess/versions/2/messidor-2/messidor-2/preprocess/20060412_51932_0200_PP.png
20051202_56028_0400_PP.png,2,0,1,/Users/sakshishetty/.cache/kagglehub/datasets/mariaherrerot/messidor2preprocess/versions/2/messidor-2/messidor-2/preprocess/20051202_56028_0400_PP.png
20051205_57799_0400_PP.png,0,0,1,/Users/sakshishetty/.cache/kagglehub/datasets/mariaherrerot/messidor2preprocess/versions/2/messidor-2/messidor-2/preprocess/20051205_57799_0400_PP.png
IM002251.JPG,0,0,1,/Users/sakshishetty/.cache/kagglehub/datasets/mariaherrerot/messidor2preprocess/versions/2/messidor-2/messidor-2/preprocess/IM002251.JPG
20060407_44766_0200_PP.png,0,0,1,/Users/sakshishetty/.cache/kagglehub/datasets/mariaherrerot/messidor2preprocess/versions/2/messidor-2/messidor-2/preprocess/20060407_44766_0200_PP.png
IM004036.JPG,0,0,1,/Users/sakshishetty/.cache/kagglehub/datasets/mariaherrerot/messidor2preprocess/versions/2/messidor-2/messidor-2/preprocess/IM004036.JPG
20060523_48931_0100_PP.png,0,0,1,/Users/sakshishetty/.cache/kagglehub/datasets/mariaherrerot/messidor2preprocess/versions/2/messidor-2/messidor-2/preprocess/20060523_48931_0100_PP.png
20051214_56944_0100_PP.png,4,1,1,/Users/sakshishetty/.cache/kagglehub/datasets/mariaherrerot/messidor2preprocess/versions/2/messidor-2/messidor-2/preprocess/20051214_56944_0100_PP.png
20051202_54555_0400_PP.png,1,0,1,/Users/sakshishetty/.cache/kagglehub/datasets/mariaherrerot/messidor2preprocess/versions/2/messidor-2/messidor-2/preprocess/20051202_54555_0400_PP.png
20060407_40582_0200_PP.png,2,0,1,/Users/sakshishetty/.cache/kagglehub/datasets/mariaherrerot/messidor2preprocess/versions/2/messidor-2/messidor-2/preprocess/20060407_40582_0200_PP.png
IM003019.JPG,0,0,1,/Users/sakshishetty/.cache/kagglehub/datasets/mariaherrerot/messidor2preprocess/versions/2/messidor-2/messidor-2/preprocess/IM003019.JPG
20060529_56968_0100_PP.png,0,0,1,/Users/sakshishetty/.cache/kagglehub/datasets/mariaherrerot/messidor2preprocess/versions/2/messidor-2/messidor-2/preprocess/20060529_56968_0100_PP.png
IM000413.JPG,1,0,1,/Users/sakshishetty/.cache/kagglehub/datasets/mariaherrerot/messidor2preprocess/versions/2/messidor-2/messidor-2/preprocess/IM000413.JPG
20060412_57874_0200_PP.png,0,0,1,/Users/sakshishetty/.cache/kagglehub/datasets/mariaherrerot/messidor2preprocess/versions/2/messidor-2/messidor-2/preprocess/20060412_57874_0200_PP.png
20051214_40767_0100_PP.png,0,0,1,/Users/sakshishetty/.cache/kagglehub/datasets/mariaherrerot/messidor2preprocess/versions/2/messidor-2/messidor-2/preprocess/20051214_40767_0100_PP.png
20060412_61365_0200_PP.png,0,0,1,/Users/sakshishetty/.cache/kagglehub/datasets/mariaherrerot/messidor2preprocess/versions/2/messidor-2/messidor-2/preprocess/20060412_61365_0200_PP.png
20060412_52098_0200_PP.png,0,0,1,/Users/sakshishetty/.cache/kagglehub/datasets/mariaherrerot/messidor2preprocess/versions/2/messidor-2/messidor-2/preprocess/20060412_52098_0200_PP.png
IM003924.JPG,0,0,1,/Users/sakshishetty/.cache/kagglehub/datasets/mariaherrerot/messidor2preprocess/versions/2/messidor-2/messidor-2/preprocess/IM003924.JPG
20060530_51377_0100_PP.png,2,0,1,/Users/sakshishetty/.cache/kagglehub/datasets/mariaherrerot/messidor2preprocess/versions/2/messidor-2/messidor-2/preprocess/20060530_51377_0100_PP.png
IM001300.JPG,0,0,1,/Users/sakshishetty/.cache/kagglehub/datasets/mariaherrerot/messidor2preprocess/versions/2/messidor-2/messidor-2/preprocess/IM001300.JPG
20051208_39524_0400_PP.png,2,0,1,/Users/sakshishetty/.cache/kagglehub/datasets/mariaherrerot/messidor2preprocess/versions/2/messidor-2/messidor-2/preprocess/20051208_39524_0400_PP.png
20051021_40248_0100_PP.png,2,0,1,/Users/sakshishetty/.cache/kagglehub/datasets/mariaherrerot/messidor2preprocess/versions/2/messidor-2/messidor-2/preprocess/20051021_40248_0100_PP.png
20051117_37185_0400_PP.png,0,0,1,/Users/sakshishetty/.cache/kagglehub/datasets/mariaherrerot/messidor2preprocess/versions/2/messidor-2/messidor-2/preprocess/20051117_37185_0400_PP.png
20060523_50631_0100_PP.png,0,0,1,/Users/sakshishetty/.cache/kagglehub/datasets/mariaherrerot/messidor2preprocess/versions/2/messidor-2/messidor-2/preprocess/20060523_50631_0100_PP.png
20060529_56700_0100_PP.png,2,0,1,/Users/sakshishetty/.cache/kagglehub/datasets/mariaherrerot/messidor2preprocess/versions/2/messidor-2/messidor-2/preprocess/20060529_56700_0100_PP.png
IM004297.JPG,0,0,1,/Users/sakshishetty/.cache/kagglehub/datasets/mariaherrerot/messidor2preprocess/versions/2/messidor-2/messidor-2/preprocess/IM004297.JPG
20060410_40254_0200_PP.png,1,0,1,/Users/sakshishetty/.cache/kagglehub/datasets/mariaherrerot/messidor2preprocess/versions/2/messidor-2/messidor-2/preprocess/20060410_40254_0200_PP.png
IM002909.JPG,0,0,1,/Users/sakshishetty/.cache/kagglehub/datasets/mariaherrerot/messidor2preprocess/versions/2/messidor-2/messidor-2/preprocess/IM002909.JPG
20051130_58888_0400_PP.png,0,0,1,/Users/sakshishetty/.cache/kagglehub/datasets/mariaherrerot/messidor2preprocess/versions/2/messidor-2/messidor-2/preprocess/20051130_58888_0400_PP.png
IM001152.JPG,0,0,1,/Users/sakshishetty/.cache/kagglehub/datasets/mariaherrerot/messidor2preprocess/versions/2/messidor-2/messidor-2/preprocess/IM001152.JPG
20051207_55266_0400_PP.png,2,0,1,/Users/sakshishetty/.cache/kagglehub/datasets/mariaherrerot/messidor2preprocess/versions/2/messidor-2/messidor-2/preprocess/20051207_55266_0400_PP.png
20060411_62036_0200_PP.png,0,0,1,/Users/sakshishetty/.cache/kagglehub/datasets/mariaherrerot/messidor2preprocess/versions/2/messidor-2/messidor-2/preprocess/20060411_62036_0200_PP.png
IM003641.JPG,0,0,1,/Users/sakshishetty/.cache/kagglehub/datasets/mariaherrerot/messidor2preprocess/versions/2/messidor-2/messidor-2/preprocess/IM003641.JPG
IM000653.JPG,0,0,1,/Users/sakshishetty/.cache/kagglehub/datasets/mariaherrerot/messidor2preprocess/versions/2/messidor-2/messidor-2/preprocess/IM000653.JPG
20051214_56242_0100_PP.png,0,0,1,/Users/sakshishetty/.cache/kagglehub/datasets/mariaherrerot/messidor2preprocess/versions/2/messidor-2/messidor-2/preprocess/20051214_56242_0100_PP.png
IM000079.JPG,1,0,1,/Users/sakshishetty/.cache/kagglehub/datasets/mariaherrerot/messidor2preprocess/versions/2/messidor-2/messidor-2/preprocess/IM000079.JPG
20051109_60031_0400_PP.png,0,0,1,/Users/sakshishetty/.cache/kagglehub/datasets/mariaherrerot/messidor2preprocess/versions/2/messidor-2/messidor-2/preprocess/20051109_60031_0400_PP.png
IM004686.JPG,0,0,1,/Users/sakshishetty/.cache/kagglehub/datasets/mariaherrerot/messidor2preprocess/versions/2/messidor-2/messidor-2/preprocess/IM004686.JPG
20051205_59538_0400_PP.png,0,0,1,/Users/sakshishetty/.cache/kagglehub/datasets/mariaherrerot/messidor2preprocess/versions/2/messidor-2/messidor-2/preprocess/20051205_59538_0400_PP.png
20060412_61808_0200_PP.png,2,0,1,/Users/sakshishetty/.cache/kagglehub/datasets/mariaherrerot/messidor2preprocess/versions/2/messidor-2/messidor-2/preprocess/20060412_61808_0200_PP.png
20060412_52978_0200_PP.png,1,0,1,/Users/sakshishetty/.cache/kagglehub/datasets/mariaherrerot/messidor2preprocess/versions/2/messidor-2/messidor-2/preprocess/20060412_52978_0200_PP.png
20060530_53816_0100_PP.png,0,0,1,/Users/sakshishetty/.cache/kagglehub/datasets/mariaherrerot/messidor2preprocess/versions/2/messidor-2/messidor-2/preprocess/20060530_53816_0100_PP.png
20051205_58037_0400_PP.png,0,0,1,/Users/sakshishetty/.cache/kagglehub/datasets/mariaherrerot/messidor2preprocess/versions/2/messidor-2/messidor-2/preprocess/20051205_58037_0400_PP.png
IM002515.JPG,0,0,1,/Users/sakshishetty/.cache/kagglehub/datasets/mariaherrerot/messidor2preprocess/versions/2/messidor-2/messidor-2/preprocess/IM002515.JPG
IM000012.JPG,2,0,1,/Users/sakshishetty/.cache/kagglehub/datasets/mariaherrerot/messidor2preprocess/versions/2/messidor-2/messidor-2/preprocess/IM000012.JPG
20051130_53663_0400_PP.png,0,0,1,/Users/sakshishetty/.cache/kagglehub/datasets/mariaherrerot/messidor2preprocess/versions/2/messidor-2/messidor-2/preprocess/20051130_53663_0400_PP.png
20060523_48728_0100_PP.png,0,0,1,/Users/sakshishetty/.cache/kagglehub/datasets/mariaherrerot/messidor2preprocess/versions/2/messidor-2/messidor-2/preprocess/20060523_48728_0100_PP.png
IM002494.JPG,0,0,1,/Users/sakshishetty/.cache/kagglehub/datasets/mariaherrerot/messidor2preprocess/versions/2/messidor-2/messidor-2/preprocess/IM002494.JPG
20060411_51958_0200_PP.png,2,0,1,/Users/sakshishetty/.cache/kagglehub/datasets/mariaherrerot/messidor2preprocess/versions/2/messidor-2/messidor-2/preprocess/20060411_51958_0200_PP.png
IM004599.JPG,0,0,1,/Users/sakshishetty/.cache/kagglehub/datasets/mariaherrerot/messidor2preprocess/versions/2/messidor-2/messidor-2/preprocess/IM004599.JPG
IM001942.JPG,4,0,1,/Users/sakshishetty/.cache/kagglehub/datasets/mariaherrerot/messidor2preprocess/versions/2/messidor-2/messidor-2/preprocess/IM001942.JPG
20051202_54547_0400_PP.png,1,0,1,/Users/sakshishetty/.cache/kagglehub/datasets/mariaherrerot/messidor2preprocess/versions/2/messidor-2/messidor-2/preprocess/20051202_54547_0400_PP.png
20060529_56834_0100_PP.png,2,1,1,/Users/sakshishetty/.cache/kagglehub/datasets/mariaherrerot/messidor2preprocess/versions/2/messidor-2/messidor-2/preprocess/20060529_56834_0100_PP.png
20060523_45697_0100_PP.png,2,1,1,/Users/sakshishetty/.cache/kagglehub/datasets/mariaherrerot/messidor2preprocess/versions/2/messidor-2/messidor-2/preprocess/20060523_45697_0100_PP.png
20051110_37992_0400_PP.png,0,0,1,/Users/sakshishetty/.cache/kagglehub/datasets/mariaherrerot/messidor2preprocess/versions/2/messidor-2/messidor-2/preprocess/20051110_37992_0400_PP.png
20051214_42133_0100_PP.png,0,0,1,/Users/sakshishetty/.cache/kagglehub/datasets/mariaherrerot/messidor2preprocess/versions/2/messidor-2/messidor-2/preprocess/20051214_42133_0100_PP.png
IM004052.JPG,2,0,1,/Users/sakshishetty/.cache/kagglehub/datasets/mariaherrerot/messidor2preprocess/versions/2/messidor-2/messidor-2/preprocess/IM004052.JPG
20051130_54498_0400_PP.png,0,0,1,/Users/sakshishetty/.cache/kagglehub/datasets/mariaherrerot/messidor2preprocess/versions/2/messidor-2/messidor-2/preprocess/20051130_54498_0400_PP.png
20060412_58723_0200_PP.png,0,0,1,/Users/sakshishetty/.cache/kagglehub/datasets/mariaherrerot/messidor2preprocess/versions/2/messidor-2/messidor-2/preprocess/20060412_58723_0200_PP.png
IM002894.JPG,0,0,1,/Users/sakshishetty/.cache/kagglehub/datasets/mariaherrerot/messidor2preprocess/versions/2/messidor-2/messidor-2/preprocess/IM002894.JPG
IM004398.JPG,0,0,1,/Users/sakshishetty/.cache/kagglehub/datasets/mariaherrerot/messidor2preprocess/versions/2/messidor-2/messidor-2/preprocess/IM004398.JPG
20051130_59404_0400_PP.png,0,0,1,/Users/sakshishetty/.cache/kagglehub/datasets/mariaherrerot/messidor2preprocess/versions/2/messidor-2/messidor-2/preprocess/20051130_59404_0400_PP.png
20051020_62615_0100_PP.png,0,0,1,/Users/sakshishetty/.cache/kagglehub/datasets/mariaherrerot/messidor2preprocess/versions/2/messidor-2/messidor-2/preprocess/20051020_62615_0100_PP.png
20060412_59100_0200_PP.png,1,0,1,/Users/sakshishetty/.cache/kagglehub/datasets/mariaherrerot/messidor2preprocess/versions/2/messidor-2/messidor-2/preprocess/20060412_59100_0200_PP.png
IM001301.JPG,1,0,1,/Users/sakshishetty/.cache/kagglehub/datasets/mariaherrerot/messidor2preprocess/versions/2/messidor-2/messidor-2/preprocess/IM001301.JPG
20060522_45718_0100_PP.png,2,1,1,/Users/sakshishetty/.cache/kagglehub/datasets/mariaherrerot/messidor2preprocess/versions/2/messidor-2/messidor-2/preprocess/20060522_45718_0100_PP.png
20060407_42133_0200_PP.png,0,0,1,/Users/sakshishetty/.cache/kagglehub/datasets/mariaherrerot/messidor2preprocess/versions/2/messidor-2/messidor-2/preprocess/20060407_42133_0200_PP.png
20051117_37100_0400_PP.png,0,0,1,/Users/sakshishetty/.cache/kagglehub/datasets/mariaherrerot/messidor2preprocess/versions/2/messidor-2/messidor-2/preprocess/20051117_37100_0400_PP.png
IM000937.JPG,0,0,1,/Users/sakshishetty/.cache/kagglehub/datasets/mariaherrerot/messidor2preprocess/versions/2/messidor-2/messidor-2/preprocess/IM000937.JPG
IM004620.JPG,0,0,1,/Users/sakshishetty/.cache/kagglehub/datasets/mariaherrerot/messidor2preprocess/versions/2/messidor-2/messidor-2/preprocess/IM004620.JPG
20060530_53540_0100_PP.png,2,1,1,/Users/sakshishetty/.cache/kagglehub/datasets/mariaherrerot/messidor2preprocess/versions/2/messidor-2/messidor-2/preprocess/20060530_53540_0100_PP.png
20060412_58054_0200_PP.png,0,0,1,/Users/sakshishetty/.cache/kagglehub/datasets/mariaherrerot/messidor2preprocess/versions/2/messidor-2/messidor-2/preprocess/20060412_58054_0200_PP.png
20060530_54312_0100_PP.png,2,1,1,/Users/sakshishetty/.cache/kagglehub/datasets/mariaherrerot/messidor2preprocess/versions/2/messidor-2/messidor-2/preprocess/20060530_54312_0100_PP.png
20060411_58993_0200_PP.png,1,0,1,/Users/sakshishetty/.cache/kagglehub/datasets/mariaherrerot/messidor2preprocess/versions/2/messidor-2/messidor-2/preprocess/20060411_58993_0200_PP.png
20051205_57879_0400_PP.png,0,0,1,/Users/sakshishetty/.cache/kagglehub/datasets/mariaherrerot/messidor2preprocess/versions/2/messidor-2/messidor-2/preprocess/20051205_57879_0400_PP.png
20051020_65230_0100_PP.png,2,0,1,/Users/sakshishetty/.cache/kagglehub/datasets/mariaherrerot/messidor2preprocess/versions/2/messidor-2/messidor-2/preprocess/20051020_65230_0100_PP.png
IM001629.JPG,0,0,1,/Users/sakshishetty/.cache/kagglehub/datasets/mariaherrerot/messidor2preprocess/versions/2/messidor-2/messidor-2/preprocess/IM001629.JPG
20051214_51071_0100_PP.png,2,0,1,/Users/sakshishetty/.cache/kagglehub/datasets/mariaherrerot/messidor2preprocess/versions/2/messidor-2/messidor-2/preprocess/20051214_51071_0100_PP.png
IM001752.JPG,4,1,1,/Users/sakshishetty/.cache/kagglehub/datasets/mariaherrerot/messidor2preprocess/versions/2/messidor-2/messidor-2/preprocess/IM001752.JPG
20060523_48005_0100_PP.png,0,0,1,/Users/sakshishetty/.cache/kagglehub/datasets/mariaherrerot/messidor2preprocess/versions/2/messidor-2/messidor-2/preprocess/20060523_48005_0100_PP.png
20060410_39355_0200_PP.png,1,0,1,/Users/sakshishetty/.cache/kagglehub/datasets/mariaherrerot/messidor2preprocess/versions/2/messidor-2/messidor-2/preprocess/20060410_39355_0200_PP.png
IM002156.JPG,0,0,1,/Users/sakshishetty/.cache/kagglehub/datasets/mariaherrerot/messidor2preprocess/versions/2/messidor-2/messidor-2/preprocess/IM002156.JPG
20051202_56050_0400_PP.png,2,0,1,/Users/sakshishetty/.cache/kagglehub/datasets/mariaherrerot/messidor2preprocess/versions/2/messidor-2/messidor-2/preprocess/20051202_56050_0400_PP.png
20060523_49928_0100_PP.png,2,1,1,/Users/sakshishetty/.cache/kagglehub/datasets/mariaherrerot/messidor2preprocess/versions/2/messidor-2/messidor-2/preprocess/20060523_49928_0100_PP.png
IM004493.JPG,0,0,1,/Users/sakshishetty/.cache/kagglehub/datasets/mariaherrerot/messidor2preprocess/versions/2/messidor-2/messidor-2/preprocess/IM004493.JPG
20060523_49726_0100_PP.png,0,0,1,/Users/sakshishetty/.cache/kagglehub/datasets/mariaherrerot/messidor2preprocess/versions/2/messidor-2/messidor-2/preprocess/20060523_49726_0100_PP.png
20051110_38111_0400_PP.png,0,0,1,/Users/sakshishetty/.cache/kagglehub/datasets/mariaherrerot/messidor2preprocess/versions/2/messidor-2/messidor-2/preprocess/20051110_38111_0400_PP.png
IM000479.JPG,0,0,1,/Users/sakshishetty/.cache/kagglehub/datasets/mariaherrerot/messidor2preprocess/versions/2/messidor-2/messidor-2/preprocess/IM000479.JPG
IM003359.JPG,4,0,1,/Users/sakshishetty/.cache/kagglehub/datasets/mariaherrerot/messidor2preprocess/versions/2/messidor-2/messidor-2/preprocess/IM003359.JPG
IM001218.JPG,1,0,1,/Users/sakshishetty/.cache/kagglehub/datasets/mariaherrerot/messidor2preprocess/versions/2/messidor-2/messidor-2/preprocess/IM001218.JPG
20060411_60283_0200_PP.png,2,0,1,/Users/sakshishetty/.cache/kagglehub/datasets/mariaherrerot/messidor2preprocess/versions/2/messidor-2/messidor-2/preprocess/20060411_60283_0200_PP.png
20051020_58214_0100_PP.png,2,0,1,/Users/sakshishetty/.cache/kagglehub/datasets/mariaherrerot/messidor2preprocess/versions/2/messidor-2/messidor-2/preprocess/20051020_58214_0100_PP.png
20060407_43460_0200_PP.png,2,0,1,/Users/sakshishetty/.cache/kagglehub/datasets/mariaherrerot/messidor2preprocess/versions/2/messidor-2/messidor-2/preprocess/20060407_43460_0200_PP.png
20060523_49515_0100_PP.png,0,0,1,/Users/sakshishetty/.cache/kagglehub/datasets/mariaherrerot/messidor2preprocess/versions/2/messidor-2/messidor-2/preprocess/20060523_49515_0100_PP.png
IM001422.JPG,0,0,1,/Users/sakshishetty/.cache/kagglehub/datasets/mariaherrerot/messidor2preprocess/versions/2/messidor-2/messidor-2/preprocess/IM001422.JPG
20051202_51599_0400_PP.png,0,0,1,/Users/sakshishetty/.cache/kagglehub/datasets/mariaherrerot/messidor2preprocess/versions/2/messidor-2/messidor-2/preprocess/20051202_51599_0400_PP.png
IM000139.JPG,0,0,1,/Users/sakshishetty/.cache/kagglehub/datasets/mariaherrerot/messidor2preprocess/versions/2/messidor-2/messidor-2/preprocess/IM000139.JPG
20060407_38711_0200_PP.png,0,0,1,/Users/sakshishetty/.cache/kagglehub/datasets/mariaherrerot/messidor2preprocess/versions/2/messidor-2/messidor-2/preprocess/20060407_38711_0200_PP.png
20051205_59510_0400_PP.png,0,0,1,/Users/sakshishetty/.cache/kagglehub/datasets/mariaherrerot/messidor2preprocess/versions/2/messidor-2/messidor-2/preprocess/20051205_59510_0400_PP.png
20060411_58718_0200_PP.png,1,0,1,/Users/sakshishetty/.cache/kagglehub/datasets/mariaherrerot/messidor2preprocess/versions/2/messidor-2/messidor-2/preprocess/20060411_58718_0200_PP.png
20051201_38246_0400_PP.png,0,0,1,/Users/sakshishetty/.cache/kagglehub/datasets/mariaherrerot/messidor2preprocess/versions/2/messidor-2/messidor-2/preprocess/20051201_38246_0400_PP.png
20060412_59175_0200_PP.png,0,0,1,/Users/sakshishetty/.cache/kagglehub/datasets/mariaherrerot/messidor2preprocess/versions/2/messidor-2/messidor-2/preprocess/20060412_59175_0200_PP.png
20051205_35276_0400_PP.png,3,0,1,/Users/sakshishetty/.cache/kagglehub/datasets/mariaherrerot/messidor2preprocess/versions/2/messidor-2/messidor-2/preprocess/20051205_35276_0400_PP.png
IM000690.JPG,0,0,1,/Users/sakshishetty/.cache/kagglehub/datasets/mariaherrerot/messidor2preprocess/versions/2/messidor-2/messidor-2/preprocess/IM000690.JPG
20051116_43585_0400_PP.png,0,0,1,/Users/sakshishetty/.cache/kagglehub/datasets/mariaherrerot/messidor2preprocess/versions/2/messidor-2/messidor-2/preprocess/20051116_43585_0400_PP.png
IM002983.JPG,2,0,1,/Users/sakshishetty/.cache/kagglehub/datasets/mariaherrerot/messidor2preprocess/versions/2/messidor-2/messidor-2/preprocess/IM002983.JPG
IM000356.JPG,0,0,1,/Users/sakshishetty/.cache/kagglehub/datasets/mariaherrerot/messidor2preprocess/versions/2/messidor-2/messidor-2/preprocess/IM000356.JPG
20051020_44338_0100_PP.png,0,0,1,/Users/sakshishetty/.cache/kagglehub/datasets/mariaherrerot/messidor2preprocess/versions/2/messidor-2/messidor-2/preprocess/20051020_44338_0100_PP.png
IM004782.JPG,0,0,1,/Users/sakshishetty/.cache/kagglehub/datasets/mariaherrerot/messidor2preprocess/versions/2/messidor-2/messidor-2/preprocess/IM004782.JPG
20060530_53421_0100_PP.png,3,1,1,/Users/sakshishetty/.cache/kagglehub/datasets/mariaherrerot/messidor2preprocess/versions/2/messidor-2/messidor-2/preprocess/20060530_53421_0100_PP.png
IM003595.JPG,0,0,1,/Users/sakshishetty/.cache/kagglehub/datasets/mariaherrerot/messidor2preprocess/versions/2/messidor-2/messidor-2/preprocess/IM003595.JPG
20051109_60136_0400_PP.png,0,0,1,/Users/sakshishetty/.cache/kagglehub/datasets/mariaherrerot/messidor2preprocess/versions/2/messidor-2/messidor-2/preprocess/20051109_60136_0400_PP.png
IM004305.JPG,0,0,1,/Users/sakshishetty/.cache/kagglehub/datasets/mariaherrerot/messidor2preprocess/versions/2/messidor-2/messidor-2/preprocess/IM004305.JPG
20051116_54839_0400_PP.png,2,0,1,/Users/sakshishetty/.cache/kagglehub/datasets/mariaherrerot/messidor2preprocess/versions/2/messidor-2/messidor-2/preprocess/20051116_54839_0400_PP.png
20060411_58221_0200_PP.png,2,0,1,/Users/sakshishetty/.cache/kagglehub/datasets/mariaherrerot/messidor2preprocess/versions/2/messidor-2/messidor-2/preprocess/20060411_58221_0200_PP.png
20060522_46400_0100_PP.png,0,0,1,/Users/sakshishetty/.cache/kagglehub/datasets/mariaherrerot/messidor2preprocess/versions/2/messidor-2/messidor-2/preprocess/20060522_46400_0100_PP.png
IM001681.JPG,1,0,1,/Users/sakshishetty/.cache/kagglehub/datasets/mariaherrerot/messidor2preprocess/versions/2/messidor-2/messidor-2/preprocess/IM001681.JPG
20060523_43354_0100_PP.png,0,0,1,/Users/sakshishetty/.cache/kagglehub/datasets/mariaherrerot/messidor2preprocess/versions/2/messidor-2/messidor-2/preprocess/20060523_43354_0100_PP.png
20051021_40074_0100_PP.png,2,0,1,/Users/sakshishetty/.cache/kagglehub/datasets/mariaherrerot/messidor2preprocess/versions/2/messidor-2/messidor-2/preprocess/20051021_40074_0100_PP.png
20051216_45781_0200_PP.png,0,0,1,/Users/sakshishetty/.cache/kagglehub/datasets/mariaherrerot/messidor2preprocess/versions/2/messidor-2/messidor-2/preprocess/20051216_45781_0200_PP.png
20060407_44400_0200_PP.png,0,0,1,/Users/sakshishetty/.cache/kagglehub/datasets/mariaherrerot/messidor2preprocess/versions/2/messidor-2/messidor-2/preprocess/20060407_44400_0200_PP.png
20060529_56255_0100_PP.png,2,0,1,/Users/sakshishetty/.cache/kagglehub/datasets/mariaherrerot/messidor2preprocess/versions/2/messidor-2/messidor-2/preprocess/20060529_56255_0100_PP.png
IM003759.JPG,0,0,1,/Users/sakshishetty/.cache/kagglehub/datasets/mariaherrerot/messidor2preprocess/versions/2/messidor-2/messidor-2/preprocess/IM003759.JPG
20060523_50262_0100_PP.png,2,1,1,/Users/sakshishetty/.cache/kagglehub/datasets/mariaherrerot/messidor2preprocess/versions/2/messidor-2/messidor-2/preprocess/20060523_50262_0100_PP.png
IM003124.JPG,0,0,1,/Users/sakshishetty/.cache/kagglehub/datasets/mariaherrerot/messidor2preprocess/versions/2/messidor-2/messidor-2/preprocess/IM003124.JPG
20060523_50153_0100_PP.png,0,0,1,/Users/sakshishetty/.cache/kagglehub/datasets/mariaherrerot/messidor2preprocess/versions/2/messidor-2/messidor-2/preprocess/20060523_50153_0100_PP.png
20060529_57372_0100_PP.png,0,0,1,/Users/sakshishetty/.cache/kagglehub/datasets/mariaherrerot/messidor2preprocess/versions/2/messidor-2/messidor-2/preprocess/20060529_57372_0100_PP.png
20060411_61781_0200_PP.png,2,0,1,/Users/sakshishetty/.cache/kagglehub/datasets/mariaherrerot/messidor2preprocess/versions/2/messidor-2/messidor-2/preprocess/20060411_61781_0200_PP.png
20051205_59367_0400_PP.png,0,0,1,/Users/sakshishetty/.cache/kagglehub/datasets/mariaherrerot/messidor2preprocess/versions/2/messidor-2/messidor-2/preprocess/20051205_59367_0400_PP.png
20060407_45737_0200_PP.png,0,0,1,/Users/sakshishetty/.cache/kagglehub/datasets/mariaherrerot/messidor2preprocess/versions/2/messidor-2/messidor-2/preprocess/20060407_45737_0200_PP.png
20051020_63711_0100_PP.png,2,0,1,/Users/sakshishetty/.cache/kagglehub/datasets/mariaherrerot/messidor2preprocess/versions/2/messidor-2/messidor-2/preprocess/20051020_63711_0100_PP.png
20051130_59284_0400_PP.png,0,0,1,/Users/sakshishetty/.cache/kagglehub/datasets/mariaherrerot/messidor2preprocess/versions/2/messidor-2/messidor-2/preprocess/20051130_59284_0400_PP.png
20051020_62802_0100_PP.png,4,0,1,/Users/sakshishetty/.cache/kagglehub/datasets/mariaherrerot/messidor2preprocess/versions/2/messidor-2/messidor-2/preprocess/20051020_62802_0100_PP.png
20051130_58874_0400_PP.png,0,0,1,/Users/sakshishetty/.cache/kagglehub/datasets/mariaherrerot/messidor2preprocess/versions/2/messidor-2/messidor-2/preprocess/20051130_58874_0400_PP.png
20060530_54529_0100_PP.png,2,1,1,/Users/sakshishetty/.cache/kagglehub/datasets/mariaherrerot/messidor2preprocess/versions/2/messidor-2/messidor-2/preprocess/20060530_54529_0100_PP.png
IM000601.JPG,0,0,1,/Users/sakshishetty/.cache/kagglehub/datasets/mariaherrerot/messidor2preprocess/versions/2/messidor-2/messidor-2/preprocess/IM000601.JPG
20051020_63045_0100_PP.png,1,0,1,/Users/sakshishetty/.cache/kagglehub/datasets/mariaherrerot/messidor2preprocess/versions/2/messidor-2/messidor-2/preprocess/20051020_63045_0100_PP.png
IM000108.JPG,0,0,1,/Users/sakshishetty/.cache/kagglehub/datasets/mariaherrerot/messidor2preprocess/versions/2/messidor-2/messidor-2/preprocess/IM000108.JPG
20060523_49100_0100_PP.png,0,0,1,/Users/sakshishetty/.cache/kagglehub/datasets/mariaherrerot/messidor2preprocess/versions/2/messidor-2/messidor-2/preprocess/20060523_49100_0100_PP.png
IM004832.JPG,0,0,1,/Users/sakshishetty/.cache/kagglehub/datasets/mariaherrerot/messidor2preprocess/versions/2/messidor-2/messidor-2/preprocess/IM004832.JPG
20060412_52685_0200_PP.png,2,1,1,/Users/sakshishetty/.cache/kagglehub/datasets/mariaherrerot/messidor2preprocess/versions/2/messidor-2/messidor-2/preprocess/20060412_52685_0200_PP.png
20060411_61494_0200_PP.png,2,0,1,/Users/sakshishetty/.cache/kagglehub/datasets/mariaherrerot/messidor2preprocess/versions/2/messidor-2/messidor-2/preprocess/20060411_61494_0200_PP.png
IM002300.JPG,0,0,1,/Users/sakshishetty/.cache/kagglehub/datasets/mariaherrerot/messidor2preprocess/versions/2/messidor-2/messidor-2/preprocess/IM002300.JPG
IM003286.JPG,0,0,1,/Users/sakshishetty/.cache/kagglehub/datasets/mariaherrerot/messidor2preprocess/versions/2/messidor-2/messidor-2/preprocess/IM003286.JPG
20060407_44743_0200_PP.png,0,0,1,/Users/sakshishetty/.cache/kagglehub/datasets/mariaherrerot/messidor2preprocess/versions/2/messidor-2/messidor-2/preprocess/20060407_44743_0200_PP.png
20060530_55370_0100_PP.png,1,0,1,/Users/sakshishetty/.cache/kagglehub/datasets/mariaherrerot/messidor2preprocess/versions/2/messidor-2/messidor-2/preprocess/20060530_55370_0100_PP.png
20060523_50325_0100_PP.png,0,0,1,/Users/sakshishetty/.cache/kagglehub/datasets/mariaherrerot/messidor2preprocess/versions/2/messidor-2/messidor-2/preprocess/20060523_50325_0100_PP.png
IM001185.JPG,0,0,1,/Users/sakshishetty/.cache/kagglehub/datasets/mariaherrerot/messidor2preprocess/versions/2/messidor-2/messidor-2/preprocess/IM001185.JPG
20051117_37213_0400_PP.png,1,0,1,/Users/sakshishetty/.cache/kagglehub/datasets/mariaherrerot/messidor2preprocess/versions/2/messidor-2/messidor-2/preprocess/20051117_37213_0400_PP.png
20051202_51616_0400_PP.png,0,0,1,/Users/sakshishetty/.cache/kagglehub/datasets/mariaherrerot/messidor2preprocess/versions/2/messidor-2/messidor-2/preprocess/20051202_51616_0400_PP.png
20060523_49809_0100_PP.png,3,1,1,/Users/sakshishetty/.cache/kagglehub/datasets/mariaherrerot/messidor2preprocess/versions/2/messidor-2/messidor-2/preprocess/20060523_49809_0100_PP.png
20060412_58965_0200_PP.png,1,0,1,/Users/sakshishetty/.cache/kagglehub/datasets/mariaherrerot/messidor2preprocess/versions/2/messidor-2/messidor-2/preprocess/20060412_58965_0200_PP.png
20060412_52038_0200_PP.png,2,0,1,/Users/sakshishetty/.cache/kagglehub/datasets/mariaherrerot/messidor2preprocess/versions/2/messidor-2/messidor-2/preprocess/20060412_52038_0200_PP.png
20051020_57761_0100_PP.png,3,0,1,/Users/sakshishetty/.cache/kagglehub/datasets/mariaherrerot/messidor2preprocess/versions/2/messidor-2/messidor-2/preprocess/20051020_57761_0100_PP.png
IM001560.JPG,0,0,1,/Users/sakshishetty/.cache/kagglehub/datasets/mariaherrerot/messidor2preprocess/versions/2/messidor-2/messidor-2/preprocess/IM001560.JPG
20051201_37409_0400_PP.png,0,0,1,/Users/sakshishetty/.cache/kagglehub/datasets/mariaherrerot/messidor2preprocess/versions/2/messidor-2/messidor-2/preprocess/20051201_37409_0400_PP.png
IM002415.JPG,0,0,1,/Users/sakshishetty/.cache/kagglehub/datasets/mariaherrerot/messidor2preprocess/versions/2/messidor-2/messidor-2/preprocess/IM002415.JPG
IM003160.JPG,0,0,1,/Users/sakshishetty/.cache/kagglehub/datasets/mariaherrerot/messidor2preprocess/versions/2/messidor-2/messidor-2/preprocess/IM003160.JPG
20060412_58668_0200_PP.png,1,0,1,/Users/sakshishetty/.cache/kagglehub/datasets/mariaherrerot/messidor2preprocess/versions/2/messidor-2/messidor-2/preprocess/20060412_58668_0200_PP.png
IM001680.JPG,2,0,1,/Users/sakshishetty/.cache/kagglehub/datasets/mariaherrerot/messidor2preprocess/versions/2/messidor-2/messidor-2/preprocess/IM001680.JPG
20051130_59029_0400_PP.png,0,0,1,/Users/sakshishetty/.cache/kagglehub/datasets/mariaherrerot/messidor2preprocess/versions/2/messidor-2/messidor-2/preprocess/20051130_59029_0400_PP.png
IM000516.JPG,0,0,1,/Users/sakshishetty/.cache/kagglehub/datasets/mariaherrerot/messidor2preprocess/versions/2/messidor-2/messidor-2/preprocess/IM000516.JPG
20051202_37199_0400_PP.png,1,0,1,/Users/sakshishetty/.cache/kagglehub/datasets/mariaherrerot/messidor2preprocess/versions/2/messidor-2/messidor-2/preprocess/20051202_37199_0400_PP.png
20060523_48787_0100_PP.png,2,0,1,/Users/sakshishetty/.cache/kagglehub/datasets/mariaherrerot/messidor2preprocess/versions/2/messidor-2/messidor-2/preprocess/20060523_48787_0100_PP.png
IM000568.JPG,0,0,1,/Users/sakshishetty/.cache/kagglehub/datasets/mariaherrerot/messidor2preprocess/versions/2/messidor-2/messidor-2/preprocess/IM000568.JPG
20060411_61548_0200_PP.png,1,0,1,/Users/sakshishetty/.cache/kagglehub/datasets/mariaherrerot/messidor2preprocess/versions/2/messidor-2/messidor-2/preprocess/20060411_61548_0200_PP.png
20051208_39532_0400_PP.png,2,0,1,/Users/sakshishetty/.cache/kagglehub/datasets/mariaherrerot/messidor2preprocess/versions/2/messidor-2/messidor-2/preprocess/20051208_39532_0400_PP.png
IM003406.JPG,0,0,1,/Users/sakshishetty/.cache/kagglehub/datasets/mariaherrerot/messidor2preprocess/versions/2/messidor-2/messidor-2/preprocess/IM003406.JPG
20060410_41901_0200_PP.png,0,0,1,/Users/sakshishetty/.cache/kagglehub/datasets/mariaherrerot/messidor2preprocess/versions/2/messidor-2/messidor-2/preprocess/20060410_41901_0200_PP.png
IM004093.JPG,0,0,1,/Users/sakshishetty/.cache/kagglehub/datasets/mariaherrerot/messidor2preprocess/versions/2/messidor-2/messidor-2/preprocess/IM004093.JPG
20060523_43333_0100_PP.png,0,0,1,/Users/sakshishetty/.cache/kagglehub/datasets/mariaherrerot/messidor2preprocess/versions/2/messidor-2/messidor-2/preprocess/20060523_43333_0100_PP.png
20060523_49663_0100_PP.png,0,0,1,/Users/sakshishetty/.cache/kagglehub/datasets/mariaherrerot/messidor2preprocess/versions/2/messidor-2/messidor-2/preprocess/20060523_49663_0100_PP.png
20060411_58051_0200_PP.png,1,0,1,/Users/sakshishetty/.cache/kagglehub/datasets/mariaherrerot/messidor2preprocess/versions/2/messidor-2/messidor-2/preprocess/20060411_58051_0200_PP.png
20060412_61316_0200_PP.png,1,0,1,/Users/sakshishetty/.cache/kagglehub/datasets/mariaherrerot/messidor2preprocess/versions/2/messidor-2/messidor-2/preprocess/20060412_61316_0200_PP.png
20060412_59196_0200_PP.png,0,0,1,/Users/sakshishetty/.cache/kagglehub/datasets/mariaherrerot/messidor2preprocess/versions/2/messidor-2/messidor-2/preprocess/20060412_59196_0200_PP.png
20060412_52910_0200_PP.png,3,1,1,/Users/sakshishetty/.cache/kagglehub/datasets/mariaherrerot/messidor2preprocess/versions/2/messidor-2/messidor-2/preprocess/20060412_52910_0200_PP.png
20051214_50933_0100_PP.png,1,0,1,/Users/sakshishetty/.cache/kagglehub/datasets/mariaherrerot/messidor2preprocess/versions/2/messidor-2/messidor-2/preprocess/20051214_50933_0100_PP.png
20060523_49681_0100_PP.png,0,0,1,/Users/sakshishetty/.cache/kagglehub/datasets/mariaherrerot/messidor2preprocess/versions/2/messidor-2/messidor-2/preprocess/20060523_49681_0100_PP.png
20051117_37155_0400_PP.png,0,0,1,/Users/sakshishetty/.cache/kagglehub/datasets/mariaherrerot/messidor2preprocess/versions/2/messidor-2/messidor-2/preprocess/20051117_37155_0400_PP.png
IM002149.JPG,0,0,1,/Users/sakshishetty/.cache/kagglehub/datasets/mariaherrerot/messidor2preprocess/versions/2/messidor-2/messidor-2/preprocess/IM002149.JPG
20051021_39719_0100_PP.png,2,1,1,/Users/sakshishetty/.cache/kagglehub/datasets/mariaherrerot/messidor2preprocess/versions/2/messidor-2/messidor-2/preprocess/20051021_39719_0100_PP.png
IM002665.JPG,0,0,1,/Users/sakshishetty/.cache/kagglehub/datasets/mariaherrerot/messidor2preprocess/versions/2/messidor-2/messidor-2/preprocess/IM002665.JPG
20051110_38507_0400_PP.png,0,0,1,/Users/sakshishetty/.cache/kagglehub/datasets/mariaherrerot/messidor2preprocess/versions/2/messidor-2/messidor-2/preprocess/20051110_38507_0400_PP.png
20051202_55834_0400_PP.png,2,0,1,/Users/sakshishetty/.cache/kagglehub/datasets/mariaherrerot/messidor2preprocess/versions/2/messidor-2/messidor-2/preprocess/20051202_55834_0400_PP.png
20051214_42323_0100_PP.png,0,0,1,/Users/sakshishetty/.cache/kagglehub/datasets/mariaherrerot/messidor2preprocess/versions/2/messidor-2/messidor-2/preprocess/20051214_42323_0100_PP.png
IM000887.JPG,0,0,1,/Users/sakshishetty/.cache/kagglehub/datasets/mariaherrerot/messidor2preprocess/versions/2/messidor-2/messidor-2/preprocess/IM000887.JPG
20051205_57704_0400_PP.png,0,0,1,/Users/sakshishetty/.cache/kagglehub/datasets/mariaherrerot/messidor2preprocess/versions/2/messidor-2/messidor-2/preprocess/20051205_57704_0400_PP.png
IM003766.JPG,0,0,1,/Users/sakshishetty/.cache/kagglehub/datasets/mariaherrerot/messidor2preprocess/versions/2/messidor-2/messidor-2/preprocess/IM003766.JPG
20060411_61641_0200_PP.png,2,1,1,/Users/sakshishetty/.cache/kagglehub/datasets/mariaherrerot/messidor2preprocess/versions/2/messidor-2/messidor-2/preprocess/20060411_61641_0200_PP.png
IM000860.JPG,0,0,1,/Users/sakshishetty/.cache/kagglehub/datasets/mariaherrerot/messidor2preprocess/versions/2/messidor-2/messidor-2/preprocess/IM000860.JPG
20060410_41077_0200_PP.png,1,0,1,/Users/sakshishetty/.cache/kagglehub/datasets/mariaherrerot/messidor2preprocess/versions/2/messidor-2/messidor-2/preprocess/20060410_41077_0200_PP.png
20060523_50556_0100_PP.png,3,1,1,/Users/sakshishetty/.cache/kagglehub/datasets/mariaherrerot/messidor2preprocess/versions/2/messidor-2/messidor-2/preprocess/20060523_50556_0100_PP.png
20051020_44923_0100_PP.png,2,0,1,/Users/sakshishetty/.cache/kagglehub/datasets/mariaherrerot/messidor2preprocess/versions/2/messidor-2/messidor-2/preprocess/20051020_44923_0100_PP.png
20051021_40377_0100_PP.png,4,1,1,/Users/sakshishetty/.cache/kagglehub/datasets/mariaherrerot/messidor2preprocess/versions/2/messidor-2/messidor-2/preprocess/20051021_40377_0100_PP.png
20051214_51178_0100_PP.png,0,0,1,/Users/sakshishetty/.cache/kagglehub/datasets/mariaherrerot/messidor2preprocess/versions/2/messidor-2/messidor-2/preprocess/20051214_51178_0100_PP.png
IM004639.JPG,0,0,1,/Users/sakshishetty/.cache/kagglehub/datasets/mariaherrerot/messidor2preprocess/versions/2/messidor-2/messidor-2/preprocess/IM004639.JPG
20060410_40979_0200_PP.png,0,0,1,/Users/sakshishetty/.cache/kagglehub/datasets/mariaherrerot/messidor2preprocess/versions/2/messidor-2/messidor-2/preprocess/20060410_40979_0200_PP.png
IM000667.JPG,0,0,1,/Users/sakshishetty/.cache/kagglehub/datasets/mariaherrerot/messidor2preprocess/versions/2/messidor-2/messidor-2/preprocess/IM000667.JPG
20060411_59638_0200_PP.png,2,0,1,/Users/sakshishetty/.cache/kagglehub/datasets/mariaherrerot/messidor2preprocess/versions/2/messidor-2/messidor-2/preprocess/20060411_59638_0200_PP.png
20051202_54611_0400_PP.png,2,1,1,/Users/sakshishetty/.cache/kagglehub/datasets/mariaherrerot/messidor2preprocess/versions/2/messidor-2/messidor-2/preprocess/20051202_54611_0400_PP.png
IM003057.JPG,0,0,1,/Users/sakshishetty/.cache/kagglehub/datasets/mariaherrerot/messidor2preprocess/versions/2/messidor-2/messidor-2/preprocess/IM003057.JPG
20060410_39859_0200_PP.png,0,0,1,/Users/sakshishetty/.cache/kagglehub/datasets/mariaherrerot/messidor2preprocess/versions/2/messidor-2/messidor-2/preprocess/20060410_39859_0200_PP.png
20051216_46827_0200_PP.png,3,1,1,/Users/sakshishetty/.cache/kagglehub/datasets/mariaherrerot/messidor2preprocess/versions/2/messidor-2/messidor-2/preprocess/20051216_46827_0200_PP.png
20051201_38321_0400_PP.png,0,0,1,/Users/sakshishetty/.cache/kagglehub/datasets/mariaherrerot/messidor2preprocess/versions/2/messidor-2/messidor-2/preprocess/20051201_38321_0400_PP.png
20051116_43785_0400_PP.png,0,0,1,/Users/sakshishetty/.cache/kagglehub/datasets/mariaherrerot/messidor2preprocess/versions/2/messidor-2/messidor-2/preprocess/20051116_43785_0400_PP.png
20060530_53233_0100_PP.png,2,0,1,/Users/sakshishetty/.cache/kagglehub/datasets/mariaherrerot/messidor2preprocess/versions/2/messidor-2/messidor-2/preprocess/20060530_53233_0100_PP.png
20051021_40018_0100_PP.png,1,0,1,/Users/sakshishetty/.cache/kagglehub/datasets/mariaherrerot/messidor2preprocess/versions/2/messidor-2/messidor-2/preprocess/20051021_40018_0100_PP.png
IM002529.JPG,1,1,1,/Users/sakshishetty/.cache/kagglehub/datasets/mariaherrerot/messidor2preprocess/versions/2/messidor-2/messidor-2/preprocess/IM002529.JPG
IM001467.JPG,0,0,1,/Users/sakshishetty/.cache/kagglehub/datasets/mariaherrerot/messidor2preprocess/versions/2/messidor-2/messidor-2/preprocess/IM001467.JPG
20060407_43834_0200_PP.png,0,0,1,/Users/sakshishetty/.cache/kagglehub/datasets/mariaherrerot/messidor2preprocess/versions/2/messidor-2/messidor-2/preprocess/20060407_43834_0200_PP.png
IM004208.JPG,2,0,1,/Users/sakshishetty/.cache/kagglehub/datasets/mariaherrerot/messidor2preprocess/versions/2/messidor-2/messidor-2/preprocess/IM004208.JPG
20060412_59037_0200_PP.png,1,0,1,/Users/sakshishetty/.cache/kagglehub/datasets/mariaherrerot/messidor2preprocess/versions/2/messidor-2/messidor-2/preprocess/20060412_59037_0200_PP.png
20051201_38280_0400_PP.png,0,0,1,/Users/sakshishetty/.cache/kagglehub/datasets/mariaherrerot/messidor2preprocess/versions/2/messidor-2/messidor-2/preprocess/20051201_38280_0400_PP.png
20051021_36380_0100_PP.png,0,0,1,/Users/sakshishetty/.cache/kagglehub/datasets/mariaherrerot/messidor2preprocess/versions/2/messidor-2/messidor-2/preprocess/20051021_36380_0100_PP.png
20051214_51953_0100_PP.png,3,1,1,/Users/sakshishetty/.cache/kagglehub/datasets/mariaherrerot/messidor2preprocess/versions/2/messidor-2/messidor-2/preprocess/20051214_51953_0100_PP.png
20051020_44431_0100_PP.png,0,0,1,/Users/sakshishetty/.cache/kagglehub/datasets/mariaherrerot/messidor2preprocess/versions/2/messidor-2/messidor-2/preprocess/20051020_44431_0100_PP.png
20060523_43105_0100_PP.png,0,0,1,/Users/sakshishetty/.cache/kagglehub/datasets/mariaherrerot/messidor2preprocess/versions/2/messidor-2/messidor-2/preprocess/20060523_43105_0100_PP.png
IM001667.JPG,0,0,1,/Users/sakshishetty/.cache/kagglehub/datasets/mariaherrerot/messidor2preprocess/versions/2/messidor-2/messidor-2/preprocess/IM001667.JPG
20060523_50489_0100_PP.png,3,0,1,/Users/sakshishetty/.cache/kagglehub/datasets/mariaherrerot/messidor2preprocess/versions/2/messidor-2/messidor-2/preprocess/20060523_50489_0100_PP.png
20051205_58577_0400_PP.png,1,0,1,/Users/sakshishetty/.cache/kagglehub/datasets/mariaherrerot/messidor2preprocess/versions/2/messidor-2/messidor-2/preprocess/20051205_58577_0400_PP.png
IM000249.JPG,2,0,1,/Users/sakshishetty/.cache/kagglehub/datasets/mariaherrerot/messidor2preprocess/versions/2/messidor-2/messidor-2/preprocess/IM000249.JPG
20060407_39546_0200_PP.png,0,0,1,/Users/sakshishetty/.cache/kagglehub/datasets/mariaherrerot/messidor2preprocess/versions/2/messidor-2/messidor-2/preprocess/20060407_39546_0200_PP.png
20051213_62437_0100_PP.png,2,1,1,/Users/sakshishetty/.cache/kagglehub/datasets/mariaherrerot/messidor2preprocess/versions/2/messidor-2/messidor-2/preprocess/20051213_62437_0100_PP.png
IM002465.JPG,0,0,1,/Users/sakshishetty/.cache/kagglehub/datasets/mariaherrerot/messidor2preprocess/versions/2/messidor-2/messidor-2/preprocess/IM002465.JPG
IM001103.JPG,0,0,1,/Users/sakshishetty/.cache/kagglehub/datasets/mariaherrerot/messidor2preprocess/versions/2/messidor-2/messidor-2/preprocess/IM001103.JPG
IM000450.JPG,0,0,1,/Users/sakshishetty/.cache/kagglehub/datasets/mariaherrerot/messidor2preprocess/versions/2/messidor-2/messidor-2/preprocess/IM000450.JPG
20051109_57451_0400_PP.png,1,0,1,/Users/sakshishetty/.cache/kagglehub/datasets/mariaherrerot/messidor2preprocess/versions/2/messidor-2/messidor-2/preprocess/20051109_57451_0400_PP.png
20051205_60093_0400_PP.png,0,0,1,/Users/sakshishetty/.cache/kagglehub/datasets/mariaherrerot/messidor2preprocess/versions/2/messidor-2/messidor-2/preprocess/20051205_60093_0400_PP.png
20060410_39586_0200_PP.png,0,0,1,/Users/sakshishetty/.cache/kagglehub/datasets/mariaherrerot/messidor2preprocess/versions/2/messidor-2/messidor-2/preprocess/20060410_39586_0200_PP.png
IM004240.JPG,0,0,1,/Users/sakshishetty/.cache/kagglehub/datasets/mariaherrerot/messidor2preprocess/versions/2/messidor-2/messidor-2/preprocess/IM004240.JPG
20060412_59717_0200_PP.png,2,0,1,/Users/sakshishetty/.cache/kagglehub/datasets/mariaherrerot/messidor2preprocess/versions/2/messidor-2/messidor-2/preprocess/20060412_59717_0200_PP.png
20051216_44066_0200_PP.png,0,0,1,/Users/sakshishetty/.cache/kagglehub/datasets/mariaherrerot/messidor2preprocess/versions/2/messidor-2/messidor-2/preprocess/20051216_44066_0200_PP.png
20060530_54653_0100_PP.png,2,0,1,/Users/sakshishetty/.cache/kagglehub/datasets/mariaherrerot/messidor2preprocess/versions/2/messidor-2/messidor-2/preprocess/20060530_54653_0100_PP.png
IM003893.JPG,0,0,1,/Users/sakshishetty/.cache/kagglehub/datasets/mariaherrerot/messidor2preprocess/versions/2/messidor-2/messidor-2/preprocess/IM003893.JPG
IM000241.JPG,0,0,1,/Users/sakshishetty/.cache/kagglehub/datasets/mariaherrerot/messidor2preprocess/versions/2/messidor-2/messidor-2/preprocess/IM000241.JPG
20051202_55735_0400_PP.png,2,0,1,/Users/sakshishetty/.cache/kagglehub/datasets/mariaherrerot/messidor2preprocess/versions/2/messidor-2/messidor-2/preprocess/20051202_55735_0400_PP.png
20060412_52860_0200_PP.png,2,1,1,/Users/sakshishetty/.cache/kagglehub/datasets/mariaherrerot/messidor2preprocess/versions/2/messidor-2/messidor-2/preprocess/20060412_52860_0200_PP.png
20051201_38537_0400_PP.png,1,0,1,/Users/sakshishetty/.cache/kagglehub/datasets/mariaherrerot/messidor2preprocess/versions/2/messidor-2/messidor-2/preprocess/20051201_38537_0400_PP.png
20051020_44901_0100_PP.png,2,1,1,/Users/sakshishetty/.cache/kagglehub/datasets/mariaherrerot/messidor2preprocess/versions/2/messidor-2/messidor-2/preprocess/20051020_44901_0100_PP.png
20060407_44061_0200_PP.png,0,0,1,/Users/sakshishetty/.cache/kagglehub/datasets/mariaherrerot/messidor2preprocess/versions/2/messidor-2/messidor-2/preprocess/20060407_44061_0200_PP.png
20060523_45449_0100_PP.png,0,0,1,/Users/sakshishetty/.cache/kagglehub/datasets/mariaherrerot/messidor2preprocess/versions/2/messidor-2/messidor-2/preprocess/20060523_45449_0100_PP.png
20060411_58469_0200_PP.png,0,0,1,/Users/sakshishetty/.cache/kagglehub/datasets/mariaherrerot/messidor2preprocess/versions/2/messidor-2/messidor-2/preprocess/20060411_58469_0200_PP.png
20060529_57174_0100_PP.png,1,0,1,/Users/sakshishetty/.cache/kagglehub/datasets/mariaherrerot/messidor2preprocess/versions/2/messidor-2/messidor-2/preprocess/20060529_57174_0100_PP.png
20051020_64945_0100_PP.png,1,0,1,/Users/sakshishetty/.cache/kagglehub/datasets/mariaherrerot/messidor2preprocess/versions/2/messidor-2/messidor-2/preprocess/20051020_64945_0100_PP.png
20051205_59617_0400_PP.png,0,0,1,/Users/sakshishetty/.cache/kagglehub/datasets/mariaherrerot/messidor2preprocess/versions/2/messidor-2/messidor-2/preprocess/20051205_59617_0400_PP.png
IM001964.JPG,1,0,1,/Users/sakshishetty/.cache/kagglehub/datasets/mariaherrerot/messidor2preprocess/versions/2/messidor-2/messidor-2/preprocess/IM001964.JPG
20060407_41312_0200_PP.png,0,0,1,/Users/sakshishetty/.cache/kagglehub/datasets/mariaherrerot/messidor2preprocess/versions/2/messidor-2/messidor-2/preprocess/20060407_41312_0200_PP.png
20051130_60234_0400_PP.png,0,0,1,/Users/sakshishetty/.cache/kagglehub/datasets/mariaherrerot/messidor2preprocess/versions/2/messidor-2/messidor-2/preprocess/20051130_60234_0400_PP.png
20051130_55107_0400_PP.png,0,0,1,/Users/sakshishetty/.cache/kagglehub/datasets/mariaherrerot/messidor2preprocess/versions/2/messidor-2/messidor-2/preprocess/20051130_55107_0400_PP.png
IM000689.JPG,0,0,1,/Users/sakshishetty/.cache/kagglehub/datasets/mariaherrerot/messidor2preprocess/versions/2/messidor-2/messidor-2/preprocess/IM000689.JPG
IM001617.JPG,2,0,1,/Users/sakshishetty/.cache/kagglehub/datasets/mariaherrerot/messidor2preprocess/versions/2/messidor-2/messidor-2/preprocess/IM001617.JPG
20051201_38137_0400_PP.png,0,0,1,/Users/sakshishetty/.cache/kagglehub/datasets/mariaherrerot/messidor2preprocess/versions/2/messidor-2/messidor-2/preprocess/20051201_38137_0400_PP.png
IM001643.JPG,1,0,1,/Users/sakshishetty/.cache/kagglehub/datasets/mariaherrerot/messidor2preprocess/versions/2/messidor-2/messidor-2/preprocess/IM001643.JPG
20060412_51860_0200_PP.png,0,0,1,/Users/sakshishetty/.cache/kagglehub/datasets/mariaherrerot/messidor2preprocess/versions/2/messidor-2/messidor-2/preprocess/20060412_51860_0200_PP.png
IM001477.JPG,2,0,1,/Users/sakshishetty/.cache/kagglehub/datasets/mariaherrerot/messidor2preprocess/versions/2/messidor-2/messidor-2/preprocess/IM001477.JPG
20060407_45718_0200_PP.png,0,0,1,/Users/sakshishetty/.cache/kagglehub/datasets/mariaherrerot/messidor2preprocess/versions/2/messidor-2/messidor-2/preprocess/20060407_45718_0200_PP.png
IM004277.JPG,0,0,1,/Users/sakshishetty/.cache/kagglehub/datasets/mariaherrerot/messidor2preprocess/versions/2/messidor-2/messidor-2/preprocess/IM004277.JPG
20060530_53617_0100_PP.png,1,0,1,/Users/sakshishetty/.cache/kagglehub/datasets/mariaherrerot/messidor2preprocess/versions/2/messidor-2/messidor-2/preprocess/20060530_53617_0100_PP.png
IM001798.JPG,0,0,1,/Users/sakshishetty/.cache/kagglehub/datasets/mariaherrerot/messidor2preprocess/versions/2/messidor-2/messidor-2/preprocess/IM001798.JPG
20060411_59919_0200_PP.png,2,0,1,/Users/sakshishetty/.cache/kagglehub/datasets/mariaherrerot/messidor2preprocess/versions/2/messidor-2/messidor-2/preprocess/20060411_59919_0200_PP.png
20060412_63032_0200_PP.png,1,0,1,/Users/sakshishetty/.cache/kagglehub/datasets/mariaherrerot/messidor2preprocess/versions/2/messidor-2/messidor-2/preprocess/20060412_63032_0200_PP.png
20060412_51775_0200_PP.png,1,0,1,/Users/sakshishetty/.cache/kagglehub/datasets/mariaherrerot/messidor2preprocess/versions/2/messidor-2/messidor-2/preprocess/20060412_51775_0200_PP.png
20051020_65166_0100_PP.png,2,1,1,/Users/sakshishetty/.cache/kagglehub/datasets/mariaherrerot/messidor2preprocess/versions/2/messidor-2/messidor-2/preprocess/20051020_65166_0100_PP.png
20051130_59930_0400_PP.png,1,0,1,/Users/sakshishetty/.cache/kagglehub/datasets/mariaherrerot/messidor2preprocess/versions/2/messidor-2/messidor-2/preprocess/20051130_59930_0400_PP.png
20051020_62337_0100_PP.png,2,1,1,/Users/sakshishetty/.cache/kagglehub/datasets/mariaherrerot/messidor2preprocess/versions/2/messidor-2/messidor-2/preprocess/20051020_62337_0100_PP.png
20051201_37390_0400_PP.png,0,0,1,/Users/sakshishetty/.cache/kagglehub/datasets/mariaherrerot/messidor2preprocess/versions/2/messidor-2/messidor-2/preprocess/20051201_37390_0400_PP.png
20060407_43223_0200_PP.png,0,0,1,/Users/sakshishetty/.cache/kagglehub/datasets/mariaherrerot/messidor2preprocess/versions/2/messidor-2/messidor-2/preprocess/20060407_43223_0200_PP.png
IM003243.JPG,0,0,1,/Users/sakshishetty/.cache/kagglehub/datasets/mariaherrerot/messidor2preprocess/versions/2/messidor-2/messidor-2/preprocess/IM003243.JPG
IM002482.JPG,0,0,1,/Users/sakshishetty/.cache/kagglehub/datasets/mariaherrerot/messidor2preprocess/versions/2/messidor-2/messidor-2/preprocess/IM002482.JPG
20051117_37078_0400_PP.png,0,0,1,/Users/sakshishetty/.cache/kagglehub/datasets/mariaherrerot/messidor2preprocess/versions/2/messidor-2/messidor-2/preprocess/20051117_37078_0400_PP.png
IM004290.JPG,0,0,1,/Users/sakshishetty/.cache/kagglehub/datasets/mariaherrerot/messidor2preprocess/versions/2/messidor-2/messidor-2/preprocess/IM004290.JPG
20051116_43388_0400_PP.png,0,0,1,/Users/sakshishetty/.cache/kagglehub/datasets/mariaherrerot/messidor2preprocess/versions/2/messidor-2/messidor-2/preprocess/20051116_43388_0400_PP.png
IM002845.JPG,0,0,1,/Users/sakshishetty/.cache/kagglehub/datasets/mariaherrerot/messidor2preprocess/versions/2/messidor-2/messidor-2/preprocess/IM002845.JPG
IM000674.JPG,0,0,1,/Users/sakshishetty/.cache/kagglehub/datasets/mariaherrerot/messidor2preprocess/versions/2/messidor-2/messidor-2/preprocess/IM000674.JPG
20051116_59150_0400_PP.png,2,0,1,/Users/sakshishetty/.cache/kagglehub/datasets/mariaherrerot/messidor2preprocess/versions/2/messidor-2/messidor-2/preprocess/20051116_59150_0400_PP.png
IM004798.JPG,0,0,1,/Users/sakshishetty/.cache/kagglehub/datasets/mariaherrerot/messidor2preprocess/versions/2/messidor-2/messidor-2/preprocess/IM004798.JPG
20060522_45212_0100_PP.png,2,1,1,/Users/sakshishetty/.cache/kagglehub/datasets/mariaherrerot/messidor2preprocess/versions/2/messidor-2/messidor-2/preprocess/20060522_45212_0100_PP.png
20060523_50135_0100_PP.png,2,0,1,/Users/sakshishetty/.cache/kagglehub/datasets/mariaherrerot/messidor2preprocess/versions/2/messidor-2/messidor-2/preprocess/20060523_50135_0100_PP.png
20051207_62275_0400_PP.png,1,0,1,/Users/sakshishetty/.cache/kagglehub/datasets/mariaherrerot/messidor2preprocess/versions/2/messidor-2/messidor-2/preprocess/20051207_62275_0400_PP.png
20060523_49191_0100_PP.png,0,0,1,/Users/sakshishetty/.cache/kagglehub/datasets/mariaherrerot/messidor2preprocess/versions/2/messidor-2/messidor-2/preprocess/20060523_49191_0100_PP.png
IM002157.JPG,0,0,1,/Users/sakshishetty/.cache/kagglehub/datasets/mariaherrerot/messidor2preprocess/versions/2/messidor-2/messidor-2/preprocess/IM002157.JPG
20051205_59754_0400_PP.png,0,0,1,/Users/sakshishetty/.cache/kagglehub/datasets/mariaherrerot/messidor2preprocess/versions/2/messidor-2/messidor-2/preprocess/20051205_59754_0400_PP.png
20060522_46454_0100_PP.png,1,0,1,/Users/sakshishetty/.cache/kagglehub/datasets/mariaherrerot/messidor2preprocess/versions/2/messidor-2/messidor-2/preprocess/20060522_46454_0100_PP.png
20051110_35279_0400_PP.png,0,0,1,/Users/sakshishetty/.cache/kagglehub/datasets/mariaherrerot/messidor2preprocess/versions/2/messidor-2/messidor-2/preprocess/20051110_35279_0400_PP.png
20060411_62058_0200_PP.png,0,0,1,/Users/sakshishetty/.cache/kagglehub/datasets/mariaherrerot/messidor2preprocess/versions/2/messidor-2/messidor-2/preprocess/20060411_62058_0200_PP.png
IM000372.JPG,0,0,1,/Users/sakshishetty/.cache/kagglehub/datasets/mariaherrerot/messidor2preprocess/versions/2/messidor-2/messidor-2/preprocess/IM000372.JPG
IM001139.JPG,0,0,1,/Users/sakshishetty/.cache/kagglehub/datasets/mariaherrerot/messidor2preprocess/versions/2/messidor-2/messidor-2/preprocess/IM001139.JPG
20060407_45611_0200_PP.png,2,0,1,/Users/sakshishetty/.cache/kagglehub/datasets/mariaherrerot/messidor2preprocess/versions/2/messidor-2/messidor-2/preprocess/20060407_45611_0200_PP.png
IM003287.JPG,0,0,1,/Users/sakshishetty/.cache/kagglehub/datasets/mariaherrerot/messidor2preprocess/versions/2/messidor-2/messidor-2/preprocess/IM003287.JPG
20051214_40596_0100_PP.png,2,0,1,/Users/sakshishetty/.cache/kagglehub/datasets/mariaherrerot/messidor2preprocess/versions/2/messidor-2/messidor-2/preprocess/20051214_40596_0100_PP.png
IM003391.JPG,0,0,1,/Users/sakshishetty/.cache/kagglehub/datasets/mariaherrerot/messidor2preprocess/versions/2/messidor-2/messidor-2/preprocess/IM003391.JPG
20060523_48890_0100_PP.png,0,0,1,/Users/sakshishetty/.cache/kagglehub/datasets/mariaherrerot/messidor2preprocess/versions/2/messidor-2/messidor-2/preprocess/20060523_48890_0100_PP.png
20051021_39552_0100_PP.png,2,0,1,/Users/sakshishetty/.cache/kagglehub/datasets/mariaherrerot/messidor2preprocess/versions/2/messidor-2/messidor-2/preprocess/20051021_39552_0100_PP.png
20051020_44598_0100_PP.png,2,0,1,/Users/sakshishetty/.cache/kagglehub/datasets/mariaherrerot/messidor2preprocess/versions/2/messidor-2/messidor-2/preprocess/20051020_44598_0100_PP.png
20051213_62046_0100_PP.png,1,0,1,/Users/sakshishetty/.cache/kagglehub/datasets/mariaherrerot/messidor2preprocess/versions/2/messidor-2/messidor-2/preprocess/20051213_62046_0100_PP.png
IM001927.JPG,1,0,1,/Users/sakshishetty/.cache/kagglehub/datasets/mariaherrerot/messidor2preprocess/versions/2/messidor-2/messidor-2/preprocess/IM001927.JPG
IM002487.JPG,4,0,1,/Users/sakshishetty/.cache/kagglehub/datasets/mariaherrerot/messidor2preprocess/versions/2/messidor-2/messidor-2/preprocess/IM002487.JPG
20060523_43196_0100_PP.png,3,0,1,/Users/sakshishetty/.cache/kagglehub/datasets/mariaherrerot/messidor2preprocess/versions/2/messidor-2/messidor-2/preprocess/20060523_43196_0100_PP.png
IM001745.JPG,0,0,1,/Users/sakshishetty/.cache/kagglehub/datasets/mariaherrerot/messidor2preprocess/versions/2/messidor-2/messidor-2/preprocess/IM001745.JPG
20060407_39687_0200_PP.png,0,0,1,/Users/sakshishetty/.cache/kagglehub/datasets/mariaherrerot/messidor2preprocess/versions/2/messidor-2/messidor-2/preprocess/20060407_39687_0200_PP.png
20060523_48406_0100_PP.png,0,0,1,/Users/sakshishetty/.cache/kagglehub/datasets/mariaherrerot/messidor2preprocess/versions/2/messidor-2/messidor-2/preprocess/20060523_48406_0100_PP.png
20060529_57030_0100_PP.png,3,1,1,/Users/sakshishetty/.cache/kagglehub/datasets/mariaherrerot/messidor2preprocess/versions/2/messidor-2/messidor-2/preprocess/20060529_57030_0100_PP.png
IM000850.JPG,0,0,1,/Users/sakshishetty/.cache/kagglehub/datasets/mariaherrerot/messidor2preprocess/versions/2/messidor-2/messidor-2/preprocess/IM000850.JPG
IM002481.JPG,0,0,1,/Users/sakshishetty/.cache/kagglehub/datasets/mariaherrerot/messidor2preprocess/versions/2/messidor-2/messidor-2/preprocess/IM002481.JPG
20060529_57261_0100_PP.png,0,0,1,/Users/sakshishetty/.cache/kagglehub/datasets/mariaherrerot/messidor2preprocess/versions/2/messidor-2/messidor-2/preprocess/20060529_57261_0100_PP.png
20051020_44284_0100_PP.png,0,0,1,/Users/sakshishetty/.cache/kagglehub/datasets/mariaherrerot/messidor2preprocess/versions/2/messidor-2/messidor-2/preprocess/20051020_44284_0100_PP.png
20051201_37312_0400_PP.png,0,0,1,/Users/sakshishetty/.cache/kagglehub/datasets/mariaherrerot/messidor2preprocess/versions/2/messidor-2/messidor-2/preprocess/20051201_37312_0400_PP.png
IM000938.JPG,0,0,1,/Users/sakshishetty/.cache/kagglehub/datasets/mariaherrerot/messidor2preprocess/versions/2/messidor-2/messidor-2/preprocess/IM000938.JPG
20060412_51656_0200_PP.png,1,1,1,/Users/sakshishetty/.cache/kagglehub/datasets/mariaherrerot/messidor2preprocess/versions/2/messidor-2/messidor-2/preprocess/20060412_51656_0200_PP.png
IM001941.JPG,4,0,1,/Users/sakshishetty/.cache/kagglehub/datasets/mariaherrerot/messidor2preprocess/versions/2/messidor-2/messidor-2/preprocess/IM001941.JPG
IM001027.JPG,0,0,1,/Users/sakshishetty/.cache/kagglehub/datasets/mariaherrerot/messidor2preprocess/versions/2/messidor-2/messidor-2/preprocess/IM001027.JPG
20051020_44714_0100_PP.png,0,0,1,/Users/sakshishetty/.cache/kagglehub/datasets/mariaherrerot/messidor2preprocess/versions/2/messidor-2/messidor-2/preprocess/20051020_44714_0100_PP.png
20051201_38199_0400_PP.png,0,0,1,/Users/sakshishetty/.cache/kagglehub/datasets/mariaherrerot/messidor2preprocess/versions/2/messidor-2/messidor-2/preprocess/20051201_38199_0400_PP.png
IM003146.JPG,1,0,1,/Users/sakshishetty/.cache/kagglehub/datasets/mariaherrerot/messidor2preprocess/versions/2/messidor-2/messidor-2/preprocess/IM003146.JPG
20060407_44510_0200_PP.png,0,0,1,/Users/sakshishetty/.cache/kagglehub/datasets/mariaherrerot/messidor2preprocess/versions/2/messidor-2/messidor-2/preprocess/20060407_44510_0200_PP.png
IM003694.JPG,0,0,1,/Users/sakshishetty/.cache/kagglehub/datasets/mariaherrerot/messidor2preprocess/versions/2/messidor-2/messidor-2/preprocess/IM003694.JPG
20051213_61951_0100_PP.png,0,0,1,/Users/sakshishetty/.cache/kagglehub/datasets/mariaherrerot/messidor2preprocess/versions/2/messidor-2/messidor-2/preprocess/20051213_61951_0100_PP.png
IM004013.JPG,0,0,1,/Users/sakshishetty/.cache/kagglehub/datasets/mariaherrerot/messidor2preprocess/versions/2/messidor-2/messidor-2/preprocess/IM004013.JPG
20060412_52606_0200_PP.png,0,0,1,/Users/sakshishetty/.cache/kagglehub/datasets/mariaherrerot/messidor2preprocess/versions/2/messidor-2/messidor-2/preprocess/20060412_52606_0200_PP.png
20051020_57622_0100_PP.png,2,1,1,/Users/sakshishetty/.cache/kagglehub/datasets/mariaherrerot/messidor2preprocess/versions/2/messidor-2/messidor-2/preprocess/20051020_57622_0100_PP.png
20051021_58035_0100_PP.png,0,0,1,/Users/sakshishetty/.cache/kagglehub/datasets/mariaherrerot/messidor2preprocess/versions/2/messidor-2/messidor-2/preprocess/20051021_58035_0100_PP.png
20051020_44692_0100_PP.png,0,0,1,/Users/sakshishetty/.cache/kagglehub/datasets/mariaherrerot/messidor2preprocess/versions/2/messidor-2/messidor-2/preprocess/20051020_44692_0100_PP.png
20060411_58891_0200_PP.png,0,0,1,/Users/sakshishetty/.cache/kagglehub/datasets/mariaherrerot/messidor2preprocess/versions/2/messidor-2/messidor-2/preprocess/20060411_58891_0200_PP.png
IM002695.JPG,0,0,1,/Users/sakshishetty/.cache/kagglehub/datasets/mariaherrerot/messidor2preprocess/versions/2/messidor-2/messidor-2/preprocess/IM002695.JPG
IM000292.JPG,0,0,1,/Users/sakshishetty/.cache/kagglehub/datasets/mariaherrerot/messidor2preprocess/versions/2/messidor-2/messidor-2/preprocess/IM000292.JPG
IM002456.JPG,0,0,1,/Users/sakshishetty/.cache/kagglehub/datasets/mariaherrerot/messidor2preprocess/versions/2/messidor-2/messidor-2/preprocess/IM002456.JPG
20051117_37042_0400_PP.png,0,0,1,/Users/sakshishetty/.cache/kagglehub/datasets/mariaherrerot/messidor2preprocess/versions/2/messidor-2/messidor-2/preprocess/20051117_37042_0400_PP.png
IM000138.JPG,1,0,1,/Users/sakshishetty/.cache/kagglehub/datasets/mariaherrerot/messidor2preprocess/versions/2/messidor-2/messidor-2/preprocess/IM000138.JPG
20060523_49573_0100_PP.png,0,0,1,/Users/sakshishetty/.cache/kagglehub/datasets/mariaherrerot/messidor2preprocess/versions/2/messidor-2/messidor-2/preprocess/20060523_49573_0100_PP.png
20051110_34071_0400_PP.png,1,0,1,/Users/sakshishetty/.cache/kagglehub/datasets/mariaherrerot/messidor2preprocess/versions/2/messidor-2/messidor-2/preprocess/20051110_34071_0400_PP.png
IM000776.JPG,0,0,1,/Users/sakshishetty/.cache/kagglehub/datasets/mariaherrerot/messidor2preprocess/versions/2/messidor-2/messidor-2/preprocess/IM000776.JPG
20060523_43248_0100_PP.png,0,0,1,/Users/sakshishetty/.cache/kagglehub/datasets/mariaherrerot/messidor2preprocess/versions/2/messidor-2/messidor-2/preprocess/20060523_43248_0100_PP.png
20051130_59186_0400_PP.png,0,0,1,/Users/sakshishetty/.cache/kagglehub/datasets/mariaherrerot/messidor2preprocess/versions/2/messidor-2/messidor-2/preprocess/20051130_59186_0400_PP.png
20060410_44953_0200_PP.png,1,0,1,/Users/sakshishetty/.cache/kagglehub/datasets/mariaherrerot/messidor2preprocess/versions/2/messidor-2/messidor-2/preprocess/20060410_44953_0200_PP.png
IM000761.JPG,0,0,1,/Users/sakshishetty/.cache/kagglehub/datasets/mariaherrerot/messidor2preprocess/versions/2/messidor-2/messidor-2/preprocess/IM000761.JPG
IM001637.JPG,0,0,1,/Users/sakshishetty/.cache/kagglehub/datasets/mariaherrerot/messidor2preprocess/versions/2/messidor-2/messidor-2/preprocess/IM001637.JPG
IM001386.JPG,0,0,1,/Users/sakshishetty/.cache/kagglehub/datasets/mariaherrerot/messidor2preprocess/versions/2/messidor-2/messidor-2/preprocess/IM001386.JPG
IM003214.JPG,0,0,1,/Users/sakshishetty/.cache/kagglehub/datasets/mariaherrerot/messidor2preprocess/versions/2/messidor-2/messidor-2/preprocess/IM003214.JPG
IM003632.JPG,0,0,1,/Users/sakshishetty/.cache/kagglehub/datasets/mariaherrerot/messidor2preprocess/versions/2/messidor-2/messidor-2/preprocess/IM003632.JPG
IM000586.JPG,0,0,1,/Users/sakshishetty/.cache/kagglehub/datasets/mariaherrerot/messidor2preprocess/versions/2/messidor-2/messidor-2/preprocess/IM000586.JPG
20051130_55004_0400_PP.png,0,0,1,/Users/sakshishetty/.cache/kagglehub/datasets/mariaherrerot/messidor2preprocess/versions/2/messidor-2/messidor-2/preprocess/20051130_55004_0400_PP.png
20051117_37321_0400_PP.png,0,0,1,/Users/sakshishetty/.cache/kagglehub/datasets/mariaherrerot/messidor2preprocess/versions/2/messidor-2/messidor-2/preprocess/20051117_37321_0400_PP.png
20051116_43721_0400_PP.png,0,0,1,/Users/sakshishetty/.cache/kagglehub/datasets/mariaherrerot/messidor2preprocess/versions/2/messidor-2/messidor-2/preprocess/20051116_43721_0400_PP.png
IM003382.JPG,0,0,1,/Users/sakshishetty/.cache/kagglehub/datasets/mariaherrerot/messidor2preprocess/versions/2/messidor-2/messidor-2/preprocess/IM003382.JPG
20060407_45477_0200_PP.png,2,0,1,/Users/sakshishetty/.cache/kagglehub/datasets/mariaherrerot/messidor2preprocess/versions/2/messidor-2/messidor-2/preprocess/20060407_45477_0200_PP.png
IM001200.JPG,1,0,1,/Users/sakshishetty/.cache/kagglehub/datasets/mariaherrerot/messidor2preprocess/versions/2/messidor-2/messidor-2/preprocess/IM001200.JPG
20051020_64653_0100_PP.png,0,0,1,/Users/sakshishetty/.cache/kagglehub/datasets/mariaherrerot/messidor2preprocess/versions/2/messidor-2/messidor-2/preprocess/20051020_64653_0100_PP.png
IM000923.JPG,0,0,1,/Users/sakshishetty/.cache/kagglehub/datasets/mariaherrerot/messidor2preprocess/versions/2/messidor-2/messidor-2/preprocess/IM000923.JPG
20051214_41490_0100_PP.png,2,0,1,/Users/sakshishetty/.cache/kagglehub/datasets/mariaherrerot/messidor2preprocess/versions/2/messidor-2/messidor-2/preprocess/20051214_41490_0100_PP.png
IM004012.JPG,0,0,1,/Users/sakshishetty/.cache/kagglehub/datasets/mariaherrerot/messidor2preprocess/versions/2/messidor-2/messidor-2/preprocess/IM004012.JPG
IM000146.JPG,0,0,1,/Users/sakshishetty/.cache/kagglehub/datasets/mariaherrerot/messidor2preprocess/versions/2/messidor-2/messidor-2/preprocess/IM000146.JPG
20060530_53271_0100_PP.png,3,0,1,/Users/sakshishetty/.cache/kagglehub/datasets/mariaherrerot/messidor2preprocess/versions/2/messidor-2/messidor-2/preprocess/20060530_53271_0100_PP.png
IM002703.JPG,0,0,1,/Users/sakshishetty/.cache/kagglehub/datasets/mariaherrerot/messidor2preprocess/versions/2/messidor-2/messidor-2/preprocess/IM002703.JPG
IM000769.JPG,1,0,1,/Users/sakshishetty/.cache/kagglehub/datasets/mariaherrerot/messidor2preprocess/versions/2/messidor-2/messidor-2/preprocess/IM000769.JPG
20060410_45167_0200_PP.png,0,0,1,/Users/sakshishetty/.cache/kagglehub/datasets/mariaherrerot/messidor2preprocess/versions/2/messidor-2/messidor-2/preprocess/20060410_45167_0200_PP.png
IM000999.JPG,0,0,1,/Users/sakshishetty/.cache/kagglehub/datasets/mariaherrerot/messidor2preprocess/versions/2/messidor-2/messidor-2/preprocess/IM000999.JPG
IM000880.JPG,1,0,1,/Users/sakshishetty/.cache/kagglehub/datasets/mariaherrerot/messidor2preprocess/versions/2/messidor-2/messidor-2/preprocess/IM000880.JPG
20051213_61802_0100_PP.png,0,0,1,/Users/sakshishetty/.cache/kagglehub/datasets/mariaherrerot/messidor2preprocess/versions/2/messidor-2/messidor-2/preprocess/20051213_61802_0100_PP.png
20051021_51625_0100_PP.png,2,0,1,/Users/sakshishetty/.cache/kagglehub/datasets/mariaherrerot/messidor2preprocess/versions/2/messidor-2/messidor-2/preprocess/20051021_51625_0100_PP.png
20051214_57125_0100_PP.png,3,1,1,/Users/sakshishetty/.cache/kagglehub/datasets/mariaherrerot/messidor2preprocess/versions/2/messidor-2/messidor-2/preprocess/20051214_57125_0100_PP.png
IM001701.JPG,0,0,1,/Users/sakshishetty/.cache/kagglehub/datasets/mariaherrerot/messidor2preprocess/versions/2/messidor-2/messidor-2/preprocess/IM001701.JPG
IM000888.JPG,0,0,1,/Users/sakshishetty/.cache/kagglehub/datasets/mariaherrerot/messidor2preprocess/versions/2/messidor-2/messidor-2/preprocess/IM000888.JPG
20060523_50730_0100_PP.png,1,0,1,/Users/sakshishetty/.cache/kagglehub/datasets/mariaherrerot/messidor2preprocess/versions/2/messidor-2/messidor-2/preprocess/20060523_50730_0100_PP.png
IM004177.JPG,0,0,1,/Users/sakshishetty/.cache/kagglehub/datasets/mariaherrerot/messidor2preprocess/versions/2/messidor-2/messidor-2/preprocess/IM004177.JPG
20051201_38349_0400_PP.png,0,0,1,/Users/sakshishetty/.cache/kagglehub/datasets/mariaherrerot/messidor2preprocess/versions/2/messidor-2/messidor-2/preprocess/20051201_38349_0400_PP.png
20060523_43174_0100_PP.png,2,0,1,/Users/sakshishetty/.cache/kagglehub/datasets/mariaherrerot/messidor2preprocess/versions/2/messidor-2/messidor-2/preprocess/20060523_43174_0100_PP.png
IM003034.JPG,0,0,1,/Users/sakshishetty/.cache/kagglehub/datasets/mariaherrerot/messidor2preprocess/versions/2/messidor-2/messidor-2/preprocess/IM003034.JPG
20051214_51442_0100_PP.png,0,0,1,/Users/sakshishetty/.cache/kagglehub/datasets/mariaherrerot/messidor2preprocess/versions/2/messidor-2/messidor-2/preprocess/20051214_51442_0100_PP.png
IM002321.JPG,0,0,1,/Users/sakshishetty/.cache/kagglehub/datasets/mariaherrerot/messidor2preprocess/versions/2/messidor-2/messidor-2/preprocess/IM002321.JPG
IM000553.JPG,0,0,1,/Users/sakshishetty/.cache/kagglehub/datasets/mariaherrerot/messidor2preprocess/versions/2/messidor-2/messidor-2/preprocess/IM000553.JPG
20051208_41318_0400_PP.png,4,1,1,/Users/sakshishetty/.cache/kagglehub/datasets/mariaherrerot/messidor2preprocess/versions/2/messidor-2/messidor-2/preprocess/20051208_41318_0400_PP.png
IM000123.JPG,0,0,1,/Users/sakshishetty/.cache/kagglehub/datasets/mariaherrerot/messidor2preprocess/versions/2/messidor-2/messidor-2/preprocess/IM000123.JPG
20060523_47987_0100_PP.png,0,0,1,/Users/sakshishetty/.cache/kagglehub/datasets/mariaherrerot/messidor2preprocess/versions/2/messidor-2/messidor-2/preprocess/20060523_47987_0100_PP.png
20051021_59504_0100_PP.png,4,1,1,/Users/sakshishetty/.cache/kagglehub/datasets/mariaherrerot/messidor2preprocess/versions/2/messidor-2/messidor-2/preprocess/20051021_59504_0100_PP.png
20051212_36525_0400_PP.png,2,0,1,/Users/sakshishetty/.cache/kagglehub/datasets/mariaherrerot/messidor2preprocess/versions/2/messidor-2/messidor-2/preprocess/20051212_36525_0400_PP.png
IM001948.JPG,0,0,1,/Users/sakshishetty/.cache/kagglehub/datasets/mariaherrerot/messidor2preprocess/versions/2/messidor-2/messidor-2/preprocess/IM001948.JPG
IM004440.JPG,0,0,1,/Users/sakshishetty/.cache/kagglehub/datasets/mariaherrerot/messidor2preprocess/versions/2/messidor-2/messidor-2/preprocess/IM004440.JPG
20060407_39155_0200_PP.png,0,0,1,/Users/sakshishetty/.cache/kagglehub/datasets/mariaherrerot/messidor2preprocess/versions/2/messidor-2/messidor-2/preprocess/20060407_39155_0200_PP.png
20051213_62705_0100_PP.png,4,0,1,/Users/sakshishetty/.cache/kagglehub/datasets/mariaherrerot/messidor2preprocess/versions/2/messidor-2/messidor-2/preprocess/20051213_62705_0100_PP.png
20051216_45351_0200_PP.png,2,1,1,/Users/sakshishetty/.cache/kagglehub/datasets/mariaherrerot/messidor2preprocess/versions/2/messidor-2/messidor-2/preprocess/20051216_45351_0200_PP.png
20051021_51476_0100_PP.png,0,0,1,/Users/sakshishetty/.cache/kagglehub/datasets/mariaherrerot/messidor2preprocess/versions/2/messidor-2/messidor-2/preprocess/20051021_51476_0100_PP.png
20060411_57853_0200_PP.png,2,1,1,/Users/sakshishetty/.cache/kagglehub/datasets/mariaherrerot/messidor2preprocess/versions/2/messidor-2/messidor-2/preprocess/20060411_57853_0200_PP.png
20060530_53954_0100_PP.png,0,0,1,/Users/sakshishetty/.cache/kagglehub/datasets/mariaherrerot/messidor2preprocess/versions/2/messidor-2/messidor-2/preprocess/20060530_53954_0100_PP.png
20051202_55498_0400_PP.png,1,0,1,/Users/sakshishetty/.cache/kagglehub/datasets/mariaherrerot/messidor2preprocess/versions/2/messidor-2/messidor-2/preprocess/20051202_55498_0400_PP.png
20051020_56592_0100_PP.png,1,0,1,/Users/sakshishetty/.cache/kagglehub/datasets/mariaherrerot/messidor2preprocess/versions/2/messidor-2/messidor-2/preprocess/20051020_56592_0100_PP.png
20060411_60028_0200_PP.png,1,0,1,/Users/sakshishetty/.cache/kagglehub/datasets/mariaherrerot/messidor2preprocess/versions/2/messidor-2/messidor-2/preprocess/20060411_60028_0200_PP.png
IM001453.JPG,0,0,1,/Users/sakshishetty/.cache/kagglehub/datasets/mariaherrerot/messidor2preprocess/versions/2/messidor-2/messidor-2/preprocess/IM001453.JPG
20051205_57942_0400_PP.png,0,0,1,/Users/sakshishetty/.cache/kagglehub/datasets/mariaherrerot/messidor2preprocess/versions/2/messidor-2/messidor-2/preprocess/20051205_57942_0400_PP.png
IM001582.JPG,0,0,1,/Users/sakshishetty/.cache/kagglehub/datasets/mariaherrerot/messidor2preprocess/versions/2/messidor-2/messidor-2/preprocess/IM001582.JPG
IM000916.JPG,0,0,1,/Users/sakshishetty/.cache/kagglehub/datasets/mariaherrerot/messidor2preprocess/versions/2/messidor-2/messidor-2/preprocess/IM000916.JPG
IM003453.JPG,0,0,1,/Users/sakshishetty/.cache/kagglehub/datasets/mariaherrerot/messidor2preprocess/versions/2/messidor-2/messidor-2/preprocess/IM003453.JPG
20060410_39476_0200_PP.png,0,0,1,/Users/sakshishetty/.cache/kagglehub/datasets/mariaherrerot/messidor2preprocess/versions/2/messidor-2/messidor-2/preprocess/20060410_39476_0200_PP.png
20060523_48643_0100_PP.png,1,0,1,/Users/sakshishetty/.cache/kagglehub/datasets/mariaherrerot/messidor2preprocess/versions/2/messidor-2/messidor-2/preprocess/20060523_48643_0100_PP.png
20060412_59658_0200_PP.png,1,0,1,/Users/sakshishetty/.cache/kagglehub/datasets/mariaherrerot/messidor2preprocess/versions/2/messidor-2/messidor-2/preprocess/20060412_59658_0200_PP.png
20051130_59374_0400_PP.png,0,0,1,/Users/sakshishetty/.cache/kagglehub/datasets/mariaherrerot/messidor2preprocess/versions/2/messidor-2/messidor-2/preprocess/20051130_59374_0400_PP.png
20060407_41937_0200_PP.png,2,0,1,/Users/sakshishetty/.cache/kagglehub/datasets/mariaherrerot/messidor2preprocess/versions/2/messidor-2/messidor-2/preprocess/20060407_41937_0200_PP.png
IM002135.JPG,0,0,1,/Users/sakshishetty/.cache/kagglehub/datasets/mariaherrerot/messidor2preprocess/versions/2/messidor-2/messidor-2/preprocess/IM002135.JPG
IM002493.JPG,0,0,1,/Users/sakshishetty/.cache/kagglehub/datasets/mariaherrerot/messidor2preprocess/versions/2/messidor-2/messidor-2/preprocess/IM002493.JPG
IM004191.JPG,0,0,1,/Users/sakshishetty/.cache/kagglehub/datasets/mariaherrerot/messidor2preprocess/versions/2/messidor-2/messidor-2/preprocess/IM004191.JPG
IM000991.JPG,0,0,1,/Users/sakshishetty/.cache/kagglehub/datasets/mariaherrerot/messidor2preprocess/versions/2/messidor-2/messidor-2/preprocess/IM000991.JPG
20060412_52446_0200_PP.png,0,0,1,/Users/sakshishetty/.cache/kagglehub/datasets/mariaherrerot/messidor2preprocess/versions/2/messidor-2/messidor-2/preprocess/20060412_52446_0200_PP.png
IM001758.JPG,0,0,1,/Users/sakshishetty/.cache/kagglehub/datasets/mariaherrerot/messidor2preprocess/versions/2/messidor-2/messidor-2/preprocess/IM001758.JPG
IM003990.JPG,0,0,1,/Users/sakshishetty/.cache/kagglehub/datasets/mariaherrerot/messidor2preprocess/versions/2/messidor-2/messidor-2/preprocess/IM003990.JPG
20051214_57404_0100_PP.png,2,1,1,/Users/sakshishetty/.cache/kagglehub/datasets/mariaherrerot/messidor2preprocess/versions/2/messidor-2/messidor-2/preprocess/20051214_57404_0100_PP.png
IM000319.JPG,0,0,1,/Users/sakshishetty/.cache/kagglehub/datasets/mariaherrerot/messidor2preprocess/versions/2/messidor-2/messidor-2/preprocess/IM000319.JPG
IM004347.JPG,2,0,1,/Users/sakshishetty/.cache/kagglehub/datasets/mariaherrerot/messidor2preprocess/versions/2/messidor-2/messidor-2/preprocess/IM004347.JPG
IM003688.JPG,1,0,1,/Users/sakshishetty/.cache/kagglehub/datasets/mariaherrerot/messidor2preprocess/versions/2/messidor-2/messidor-2/preprocess/IM003688.JPG
20051021_36476_0100_PP.png,0,0,1,/Users/sakshishetty/.cache/kagglehub/datasets/mariaherrerot/messidor2preprocess/versions/2/messidor-2/messidor-2/preprocess/20051021_36476_0100_PP.png
20051216_45899_0200_PP.png,1,0,1,/Users/sakshishetty/.cache/kagglehub/datasets/mariaherrerot/messidor2preprocess/versions/2/messidor-2/messidor-2/preprocess/20051216_45899_0200_PP.png
20051205_58080_0400_PP.png,0,0,1,/Users/sakshishetty/.cache/kagglehub/datasets/mariaherrerot/messidor2preprocess/versions/2/messidor-2/messidor-2/preprocess/20051205_58080_0400_PP.png
20060523_49591_0100_PP.png,1,0,1,/Users/sakshishetty/.cache/kagglehub/datasets/mariaherrerot/messidor2preprocess/versions/2/messidor-2/messidor-2/preprocess/20060523_49591_0100_PP.png
IM000500.JPG,1,0,1,/Users/sakshishetty/.cache/kagglehub/datasets/mariaherrerot/messidor2preprocess/versions/2/messidor-2/messidor-2/preprocess/IM000500.JPG
IM002953.JPG,2,0,1,/Users/sakshishetty/.cache/kagglehub/datasets/mariaherrerot/messidor2preprocess/versions/2/messidor-2/messidor-2/preprocess/IM002953.JPG
20051116_44750_0400_PP.png,1,0,1,/Users/sakshishetty/.cache/kagglehub/datasets/mariaherrerot/messidor2preprocess/versions/2/messidor-2/messidor-2/preprocess/20051116_44750_0400_PP.png
IM004169.JPG,0,0,1,/Users/sakshishetty/.cache/kagglehub/datasets/mariaherrerot/messidor2preprocess/versions/2/messidor-2/messidor-2/preprocess/IM004169.JPG
20051116_43801_0400_PP.png,0,0,1,/Users/sakshishetty/.cache/kagglehub/datasets/mariaherrerot/messidor2preprocess/versions/2/messidor-2/messidor-2/preprocess/20051116_43801_0400_PP.png
IM003230.JPG,4,0,1,/Users/sakshishetty/.cache/kagglehub/datasets/mariaherrerot/messidor2preprocess/versions/2/messidor-2/messidor-2/preprocess/IM003230.JPG
20060407_43856_0200_PP.png,0,0,1,/Users/sakshishetty/.cache/kagglehub/datasets/mariaherrerot/messidor2preprocess/versions/2/messidor-2/messidor-2/preprocess/20060407_43856_0200_PP.png
20060523_50806_0100_PP.png,3,0,1,/Users/sakshishetty/.cache/kagglehub/datasets/mariaherrerot/messidor2preprocess/versions/2/messidor-2/messidor-2/preprocess/20060523_50806_0100_PP.png
IM004470.JPG,0,0,1,/Users/sakshishetty/.cache/kagglehub/datasets/mariaherrerot/messidor2preprocess/versions/2/messidor-2/messidor-2/preprocess/IM004470.JPG
20051116_58872_0400_PP.png,2,0,1,/Users/sakshishetty/.cache/kagglehub/datasets/mariaherrerot/messidor2preprocess/versions/2/messidor-2/messidor-2/preprocess/20051116_58872_0400_PP.png
20060410_39606_0200_PP.png,0,0,1,/Users/sakshishetty/.cache/kagglehub/datasets/mariaherrerot/messidor2preprocess/versions/2/messidor-2/messidor-2/preprocess/20060410_39606_0200_PP.png
20060407_39761_0200_PP.png,0,0,1,/Users/sakshishetty/.cache/kagglehub/datasets/mariaherrerot/messidor2preprocess/versions/2/messidor-2/messidor-2/preprocess/20060407_39761_0200_PP.png
20060410_40846_0200_PP.png,0,0,1,/Users/sakshishetty/.cache/kagglehub/datasets/mariaherrerot/messidor2preprocess/versions/2/messidor-2/messidor-2/preprocess/20060410_40846_0200_PP.png
20051205_57988_0400_PP.png,0,0,1,/Users/sakshishetty/.cache/kagglehub/datasets/mariaherrerot/messidor2preprocess/versions/2/messidor-2/messidor-2/preprocess/20051205_57988_0400_PP.png
20060412_63009_0200_PP.png,1,0,1,/Users/sakshishetty/.cache/kagglehub/datasets/mariaherrerot/messidor2preprocess/versions/2/messidor-2/messidor-2/preprocess/20060412_63009_0200_PP.png
20060407_40937_0200_PP.png,1,0,1,/Users/sakshishetty/.cache/kagglehub/datasets/mariaherrerot/messidor2preprocess/versions/2/messidor-2/messidor-2/preprocess/20060407_40937_0200_PP.png
20051130_60822_0400_PP.png,0,0,1,/Users/sakshishetty/.cache/kagglehub/datasets/mariaherrerot/messidor2preprocess/versions/2/messidor-2/messidor-2/preprocess/20051130_60822_0400_PP.png
IM004812.JPG,2,0,1,/Users/sakshishetty/.cache/kagglehub/datasets/mariaherrerot/messidor2preprocess/versions/2/messidor-2/messidor-2/preprocess/IM004812.JPG
IM001804.JPG,0,0,1,/Users/sakshishetty/.cache/kagglehub/datasets/mariaherrerot/messidor2preprocess/versions/2/messidor-2/messidor-2/preprocess/IM001804.JPG
20060407_44617_0200_PP.png,2,1,1,/Users/sakshishetty/.cache/kagglehub/datasets/mariaherrerot/messidor2preprocess/versions/2/messidor-2/messidor-2/preprocess/20060407_44617_0200_PP.png
20060407_43726_0200_PP.png,0,0,1,/Users/sakshishetty/.cache/kagglehub/datasets/mariaherrerot/messidor2preprocess/versions/2/messidor-2/messidor-2/preprocess/20060407_43726_0200_PP.png
20060412_60337_0200_PP.png,1,0,1,/Users/sakshishetty/.cache/kagglehub/datasets/mariaherrerot/messidor2preprocess/versions/2/messidor-2/messidor-2/preprocess/20060412_60337_0200_PP.png
IM003747.JPG,0,0,1,/Users/sakshishetty/.cache/kagglehub/datasets/mariaherrerot/messidor2preprocess/versions/2/messidor-2/messidor-2/preprocess/IM003747.JPG
20060407_44529_0200_PP.png,0,0,1,/Users/sakshishetty/.cache/kagglehub/datasets/mariaherrerot/messidor2preprocess/versions/2/messidor-2/messidor-2/preprocess/20060407_44529_0200_PP.png
20060412_52840_0200_PP.png,0,0,1,/Users/sakshishetty/.cache/kagglehub/datasets/mariaherrerot/messidor2preprocess/versions/2/messidor-2/messidor-2/preprocess/20060412_52840_0200_PP.png
IM004252.JPG,0,0,1,/Users/sakshishetty/.cache/kagglehub/datasets/mariaherrerot/messidor2preprocess/versions/2/messidor-2/messidor-2/preprocess/IM004252.JPG
20060529_57287_0100_PP.png,0,0,1,/Users/sakshishetty/.cache/kagglehub/datasets/mariaherrerot/messidor2preprocess/versions/2/messidor-2/messidor-2/preprocess/20060529_57287_0100_PP.png
20051205_59923_0400_PP.png,0,0,1,/Users/sakshishetty/.cache/kagglehub/datasets/mariaherrerot/messidor2preprocess/versions/2/messidor-2/messidor-2/preprocess/20051205_59923_0400_PP.png
20060529_56442_0100_PP.png,0,0,1,/Users/sakshishetty/.cache/kagglehub/datasets/mariaherrerot/messidor2preprocess/versions/2/messidor-2/messidor-2/preprocess/20060529_56442_0100_PP.png
IM003811.JPG,2,0,1,/Users/sakshishetty/.cache/kagglehub/datasets/mariaherrerot/messidor2preprocess/versions/2/messidor-2/messidor-2/preprocess/IM003811.JPG
IM003570.JPG,0,0,1,/Users/sakshishetty/.cache/kagglehub/datasets/mariaherrerot/messidor2preprocess/versions/2/messidor-2/messidor-2/preprocess/IM003570.JPG
IM003794.JPG,0,0,1,/Users/sakshishetty/.cache/kagglehub/datasets/mariaherrerot/messidor2preprocess/versions/2/messidor-2/messidor-2/preprocess/IM003794.JPG
20060412_52245_0200_PP.png,2,0,1,/Users/sakshishetty/.cache/kagglehub/datasets/mariaherrerot/messidor2preprocess/versions/2/messidor-2/messidor-2/preprocess/20060412_52245_0200_PP.png
IM001596.JPG,0,0,1,/Users/sakshishetty/.cache/kagglehub/datasets/mariaherrerot/messidor2preprocess/versions/2/messidor-2/messidor-2/preprocess/IM001596.JPG
20060411_59657_0200_PP.png,1,0,1,/Users/sakshishetty/.cache/kagglehub/datasets/mariaherrerot/messidor2preprocess/versions/2/messidor-2/messidor-2/preprocess/20060411_59657_0200_PP.png
20060407_46070_0200_PP.png,0,0,1,/Users/sakshishetty/.cache/kagglehub/datasets/mariaherrerot/messidor2preprocess/versions/2/messidor-2/messidor-2/preprocess/20060407_46070_0200_PP.png
20051116_58835_0400_PP.png,2,0,1,/Users/sakshishetty/.cache/kagglehub/datasets/mariaherrerot/messidor2preprocess/versions/2/messidor-2/messidor-2/preprocess/20051116_58835_0400_PP.png
20060412_60545_0200_PP.png,2,1,1,/Users/sakshishetty/.cache/kagglehub/datasets/mariaherrerot/messidor2preprocess/versions/2/messidor-2/messidor-2/preprocess/20060412_60545_0200_PP.png
IM002922.JPG,2,0,1,/Users/sakshishetty/.cache/kagglehub/datasets/mariaherrerot/messidor2preprocess/versions/2/messidor-2/messidor-2/preprocess/IM002922.JPG
20060410_41098_0200_PP.png,0,0,1,/Users/sakshishetty/.cache/kagglehub/datasets/mariaherrerot/messidor2preprocess/versions/2/messidor-2/messidor-2/preprocess/20060410_41098_0200_PP.png
IM002020.JPG,0,0,1,/Users/sakshishetty/.cache/kagglehub/datasets/mariaherrerot/messidor2preprocess/versions/2/messidor-2/messidor-2/preprocess/IM002020.JPG
20060412_58548_0200_PP.png,2,0,1,/Users/sakshishetty/.cache/kagglehub/datasets/mariaherrerot/messidor2preprocess/versions/2/messidor-2/messidor-2/preprocess/20060412_58548_0200_PP.png
IM000131.JPG,0,0,1,/Users/sakshishetty/.cache/kagglehub/datasets/mariaherrerot/messidor2preprocess/versions/2/messidor-2/messidor-2/preprocess/IM000131.JPG
20060412_59338_0200_PP.png,0,0,1,/Users/sakshishetty/.cache/kagglehub/datasets/mariaherrerot/messidor2preprocess/versions/2/messidor-2/messidor-2/preprocess/20060412_59338_0200_PP.png
20051116_54429_0400_PP.png,2,0,1,/Users/sakshishetty/.cache/kagglehub/datasets/mariaherrerot/messidor2preprocess/versions/2/messidor-2/messidor-2/preprocess/20051116_54429_0400_PP.png
IM004685.JPG,0,0,1,/Users/sakshishetty/.cache/kagglehub/datasets/mariaherrerot/messidor2preprocess/versions/2/messidor-2/messidor-2/preprocess/IM004685.JPG
IM004006.JPG,0,0,1,/Users/sakshishetty/.cache/kagglehub/datasets/mariaherrerot/messidor2preprocess/versions/2/messidor-2/messidor-2/preprocess/IM004006.JPG
20051214_42363_0100_PP.png,0,0,1,/Users/sakshishetty/.cache/kagglehub/datasets/mariaherrerot/messidor2preprocess/versions/2/messidor-2/messidor-2/preprocess/20051214_42363_0100_PP.png
IM002026.JPG,0,0,1,/Users/sakshishetty/.cache/kagglehub/datasets/mariaherrerot/messidor2preprocess/versions/2/messidor-2/messidor-2/preprocess/IM002026.JPG
IM003430.JPG,2,0,1,/Users/sakshishetty/.cache/kagglehub/datasets/mariaherrerot/messidor2preprocess/versions/2/messidor-2/messidor-2/preprocess/IM003430.JPG
IM002666.JPG,0,0,1,/Users/sakshishetty/.cache/kagglehub/datasets/mariaherrerot/messidor2preprocess/versions/2/messidor-2/messidor-2/preprocess/IM002666.JPG
IM001759.JPG,0,0,1,/Users/sakshishetty/.cache/kagglehub/datasets/mariaherrerot/messidor2preprocess/versions/2/messidor-2/messidor-2/preprocess/IM001759.JPG
IM002052.JPG,0,0,1,/Users/sakshishetty/.cache/kagglehub/datasets/mariaherrerot/messidor2preprocess/versions/2/messidor-2/messidor-2/preprocess/IM002052.JPG
IM000917.JPG,0,0,1,/Users/sakshishetty/.cache/kagglehub/datasets/mariaherrerot/messidor2preprocess/versions/2/messidor-2/messidor-2/preprocess/IM000917.JPG
20051116_43995_0400_PP.png,1,0,1,/Users/sakshishetty/.cache/kagglehub/datasets/mariaherrerot/messidor2preprocess/versions/2/messidor-2/messidor-2/preprocess/20051116_43995_0400_PP.png
20060411_57879_0200_PP.png,3,1,1,/Users/sakshishetty/.cache/kagglehub/datasets/mariaherrerot/messidor2preprocess/versions/2/messidor-2/messidor-2/preprocess/20060411_57879_0200_PP.png
20060411_61029_0200_PP.png,1,0,1,/Users/sakshishetty/.cache/kagglehub/datasets/mariaherrerot/messidor2preprocess/versions/2/messidor-2/messidor-2/preprocess/20060411_61029_0200_PP.png
20051130_54121_0400_PP.png,0,0,1,/Users/sakshishetty/.cache/kagglehub/datasets/mariaherrerot/messidor2preprocess/versions/2/messidor-2/messidor-2/preprocess/20051130_54121_0400_PP.png
IM003244.JPG,0,0,1,/Users/sakshishetty/.cache/kagglehub/datasets/mariaherrerot/messidor2preprocess/versions/2/messidor-2/messidor-2/preprocess/IM003244.JPG
IM001175.JPG,0,0,1,/Users/sakshishetty/.cache/kagglehub/datasets/mariaherrerot/messidor2preprocess/versions/2/messidor-2/messidor-2/preprocess/IM001175.JPG
20060407_38970_0200_PP.png,0,0,1,/Users/sakshishetty/.cache/kagglehub/datasets/mariaherrerot/messidor2preprocess/versions/2/messidor-2/messidor-2/preprocess/20060407_38970_0200_PP.png
20060412_58497_0200_PP.png,2,1,1,/Users/sakshishetty/.cache/kagglehub/datasets/mariaherrerot/messidor2preprocess/versions/2/messidor-2/messidor-2/preprocess/20060412_58497_0200_PP.png
IM000449.JPG,0,0,1,/Users/sakshishetty/.cache/kagglehub/datasets/mariaherrerot/messidor2preprocess/versions/2/messidor-2/messidor-2/preprocess/IM000449.JPG
20060407_41980_0200_PP.png,0,0,1,/Users/sakshishetty/.cache/kagglehub/datasets/mariaherrerot/messidor2preprocess/versions/2/messidor-2/messidor-2/preprocess/20060407_41980_0200_PP.png
20051208_39462_0400_PP.png,2,0,1,/Users/sakshishetty/.cache/kagglehub/datasets/mariaherrerot/messidor2preprocess/versions/2/messidor-2/messidor-2/preprocess/20051208_39462_0400_PP.png
20051020_43906_0100_PP.png,2,1,1,/Users/sakshishetty/.cache/kagglehub/datasets/mariaherrerot/messidor2preprocess/versions/2/messidor-2/messidor-2/preprocess/20051020_43906_0100_PP.png
IM004133.JPG,2,0,1,/Users/sakshishetty/.cache/kagglehub/datasets/mariaherrerot/messidor2preprocess/versions/2/messidor-2/messidor-2/preprocess/IM004133.JPG
20060412_61000_0200_PP.png,2,0,1,/Users/sakshishetty/.cache/kagglehub/datasets/mariaherrerot/messidor2preprocess/versions/2/messidor-2/messidor-2/preprocess/20060412_61000_0200_PP.png
20051130_53991_0400_PP.png,0,0,1,/Users/sakshishetty/.cache/kagglehub/datasets/mariaherrerot/messidor2preprocess/versions/2/messidor-2/messidor-2/preprocess/20051130_53991_0400_PP.png
20060410_43959_0200_PP.png,1,0,1,/Users/sakshishetty/.cache/kagglehub/datasets/mariaherrerot/messidor2preprocess/versions/2/messidor-2/messidor-2/preprocess/20060410_43959_0200_PP.png
IM001109.JPG,0,0,1,/Users/sakshishetty/.cache/kagglehub/datasets/mariaherrerot/messidor2preprocess/versions/2/messidor-2/messidor-2/preprocess/IM001109.JPG
20051205_58613_0400_PP.png,0,0,1,/Users/sakshishetty/.cache/kagglehub/datasets/mariaherrerot/messidor2preprocess/versions/2/messidor-2/messidor-2/preprocess/20051205_58613_0400_PP.png
20051212_37442_0400_PP.png,2,0,1,/Users/sakshishetty/.cache/kagglehub/datasets/mariaherrerot/messidor2preprocess/versions/2/messidor-2/messidor-2/preprocess/20051212_37442_0400_PP.png
20051021_39222_0100_PP.png,2,1,1,/Users/sakshishetty/.cache/kagglehub/datasets/mariaherrerot/messidor2preprocess/versions/2/messidor-2/messidor-2/preprocess/20051021_39222_0100_PP.png
20051205_58354_0400_PP.png,0,0,1,/Users/sakshishetty/.cache/kagglehub/datasets/mariaherrerot/messidor2preprocess/versions/2/messidor-2/messidor-2/preprocess/20051205_58354_0400_PP.png
20051130_60691_0400_PP.png,0,0,1,/Users/sakshishetty/.cache/kagglehub/datasets/mariaherrerot/messidor2preprocess/versions/2/messidor-2/messidor-2/preprocess/20051130_60691_0400_PP.png
20051216_45757_0200_PP.png,1,0,1,/Users/sakshishetty/.cache/kagglehub/datasets/mariaherrerot/messidor2preprocess/versions/2/messidor-2/messidor-2/preprocess/20051216_45757_0200_PP.png
20060530_55468_0100_PP.png,2,0,1,/Users/sakshishetty/.cache/kagglehub/datasets/mariaherrerot/messidor2preprocess/versions/2/messidor-2/messidor-2/preprocess/20060530_55468_0100_PP.png
20051130_59850_0400_PP.png,0,0,1,/Users/sakshishetty/.cache/kagglehub/datasets/mariaherrerot/messidor2preprocess/versions/2/messidor-2/messidor-2/preprocess/20051130_59850_0400_PP.png
20051116_58828_0400_PP.png,2,0,1,/Users/sakshishetty/.cache/kagglehub/datasets/mariaherrerot/messidor2preprocess/versions/2/messidor-2/messidor-2/preprocess/20051116_58828_0400_PP.png
IM000833.JPG,0,0,1,/Users/sakshishetty/.cache/kagglehub/datasets/mariaherrerot/messidor2preprocess/versions/2/messidor-2/messidor-2/preprocess/IM000833.JPG
20060412_61299_0200_PP.png,1,0,1,/Users/sakshishetty/.cache/kagglehub/datasets/mariaherrerot/messidor2preprocess/versions/2/messidor-2/messidor-2/preprocess/20060412_61299_0200_PP.png
IM003467.JPG,0,0,1,/Users/sakshishetty/.cache/kagglehub/datasets/mariaherrerot/messidor2preprocess/versions/2/messidor-2/messidor-2/preprocess/IM003467.JPG
20060411_59747_0200_PP.png,2,0,1,/Users/sakshishetty/.cache/kagglehub/datasets/mariaherrerot/messidor2preprocess/versions/2/messidor-2/messidor-2/preprocess/20060411_59747_0200_PP.png
20060412_58287_0200_PP.png,2,0,1,/Users/sakshishetty/.cache/kagglehub/datasets/mariaherrerot/messidor2preprocess/versions/2/messidor-2/messidor-2/preprocess/20060412_58287_0200_PP.png
IM000579.JPG,0,0,1,/Users/sakshishetty/.cache/kagglehub/datasets/mariaherrerot/messidor2preprocess/versions/2/messidor-2/messidor-2/preprocess/IM000579.JPG
IM002285.JPG,0,0,1,/Users/sakshishetty/.cache/kagglehub/datasets/mariaherrerot/messidor2preprocess/versions/2/messidor-2/messidor-2/preprocess/IM002285.JPG
IM001168.JPG,0,0,1,/Users/sakshishetty/.cache/kagglehub/datasets/mariaherrerot/messidor2preprocess/versions/2/messidor-2/messidor-2/preprocess/IM001168.JPG
IM000848.JPG,1,0,1,/Users/sakshishetty/.cache/kagglehub/datasets/mariaherrerot/messidor2preprocess/versions/2/messidor-2/messidor-2/preprocess/IM000848.JPG
IM002071.JPG,0,0,1,/Users/sakshishetty/.cache/kagglehub/datasets/mariaherrerot/messidor2preprocess/versions/2/messidor-2/messidor-2/preprocess/IM002071.JPG
IM001294.JPG,0,0,1,/Users/sakshishetty/.cache/kagglehub/datasets/mariaherrerot/messidor2preprocess/versions/2/messidor-2/messidor-2/preprocess/IM001294.JPG
IM004537.JPG,0,0,1,/Users/sakshishetty/.cache/kagglehub/datasets/mariaherrerot/messidor2preprocess/versions/2/messidor-2/messidor-2/preprocess/IM004537.JPG
20060407_41809_0200_PP.png,2,0,1,/Users/sakshishetty/.cache/kagglehub/datasets/mariaherrerot/messidor2preprocess/versions/2/messidor-2/messidor-2/preprocess/20060407_41809_0200_PP.png
20051216_47514_0200_PP.png,0,0,1,/Users/sakshishetty/.cache/kagglehub/datasets/mariaherrerot/messidor2preprocess/versions/2/messidor-2/messidor-2/preprocess/20051216_47514_0200_PP.png
20051201_38041_0400_PP.png,0,0,1,/Users/sakshishetty/.cache/kagglehub/datasets/mariaherrerot/messidor2preprocess/versions/2/messidor-2/messidor-2/preprocess/20051201_38041_0400_PP.png
20060412_58032_0200_PP.png,0,0,1,/Users/sakshishetty/.cache/kagglehub/datasets/mariaherrerot/messidor2preprocess/versions/2/messidor-2/messidor-2/preprocess/20060412_58032_0200_PP.png
IM001926.JPG,1,0,1,/Users/sakshishetty/.cache/kagglehub/datasets/mariaherrerot/messidor2preprocess/versions/2/messidor-2/messidor-2/preprocess/IM001926.JPG
20060410_41880_0200_PP.png,0,0,1,/Users/sakshishetty/.cache/kagglehub/datasets/mariaherrerot/messidor2preprocess/versions/2/messidor-2/messidor-2/preprocess/20060410_41880_0200_PP.png
20060412_60396_0200_PP.png,1,0,1,/Users/sakshishetty/.cache/kagglehub/datasets/mariaherrerot/messidor2preprocess/versions/2/messidor-2/messidor-2/preprocess/20060412_60396_0200_PP.png
20051130_54595_0400_PP.png,0,0,1,/Users/sakshishetty/.cache/kagglehub/datasets/mariaherrerot/messidor2preprocess/versions/2/messidor-2/messidor-2/preprocess/20051130_54595_0400_PP.png
IM004529.JPG,0,0,1,/Users/sakshishetty/.cache/kagglehub/datasets/mariaherrerot/messidor2preprocess/versions/2/messidor-2/messidor-2/preprocess/IM004529.JPG
20051214_51609_0100_PP.png,3,1,1,/Users/sakshishetty/.cache/kagglehub/datasets/mariaherrerot/messidor2preprocess/versions/2/messidor-2/messidor-2/preprocess/20051214_51609_0100_PP.png
20051116_54832_0400_PP.png,2,0,1,/Users/sakshishetty/.cache/kagglehub/datasets/mariaherrerot/messidor2preprocess/versions/2/messidor-2/messidor-2/preprocess/20051116_54832_0400_PP.png
20060412_52497_0200_PP.png,3,0,1,/Users/sakshishetty/.cache/kagglehub/datasets/mariaherrerot/messidor2preprocess/versions/2/messidor-2/messidor-2/preprocess/20060412_52497_0200_PP.png
20060412_59242_0200_PP.png,2,0,1,/Users/sakshishetty/.cache/kagglehub/datasets/mariaherrerot/messidor2preprocess/versions/2/messidor-2/messidor-2/preprocess/20060412_59242_0200_PP.png
IM003795.JPG,0,0,1,/Users/sakshishetty/.cache/kagglehub/datasets/mariaherrerot/messidor2preprocess/versions/2/messidor-2/messidor-2/preprocess/IM003795.JPG
IM001034.JPG,0,0,1,/Users/sakshishetty/.cache/kagglehub/datasets/mariaherrerot/messidor2preprocess/versions/2/messidor-2/messidor-2/preprocess/IM001034.JPG
IM002356.JPG,0,0,1,/Users/sakshishetty/.cache/kagglehub/datasets/mariaherrerot/messidor2preprocess/versions/2/messidor-2/messidor-2/preprocess/IM002356.JPG
IM001540.JPG,0,0,1,/Users/sakshishetty/.cache/kagglehub/datasets/mariaherrerot/messidor2preprocess/versions/2/messidor-2/messidor-2/preprocess/IM001540.JPG
IM000320.JPG,1,0,1,/Users/sakshishetty/.cache/kagglehub/datasets/mariaherrerot/messidor2preprocess/versions/2/messidor-2/messidor-2/preprocess/IM000320.JPG
IM000220.JPG,0,0,1,/Users/sakshishetty/.cache/kagglehub/datasets/mariaherrerot/messidor2preprocess/versions/2/messidor-2/messidor-2/preprocess/IM000220.JPG
20060530_55746_0100_PP.png,3,0,1,/Users/sakshishetty/.cache/kagglehub/datasets/mariaherrerot/messidor2preprocess/versions/2/messidor-2/messidor-2/preprocess/20060530_55746_0100_PP.png
20060530_53062_0100_PP.png,0,0,1,/Users/sakshishetty/.cache/kagglehub/datasets/mariaherrerot/messidor2preprocess/versions/2/messidor-2/messidor-2/preprocess/20060530_53062_0100_PP.png
IM002921.JPG,0,0,1,/Users/sakshishetty/.cache/kagglehub/datasets/mariaherrerot/messidor2preprocess/versions/2/messidor-2/messidor-2/preprocess/IM002921.JPG
IM004241.JPG,0,0,1,/Users/sakshishetty/.cache/kagglehub/datasets/mariaherrerot/messidor2preprocess/versions/2/messidor-2/messidor-2/preprocess/IM004241.JPG
20051214_40912_0100_PP.png,4,0,1,/Users/sakshishetty/.cache/kagglehub/datasets/mariaherrerot/messidor2preprocess/versions/2/messidor-2/messidor-2/preprocess/20051214_40912_0100_PP.png
20051216_45595_0200_PP.png,1,0,1,/Users/sakshishetty/.cache/kagglehub/datasets/mariaherrerot/messidor2preprocess/versions/2/messidor-2/messidor-2/preprocess/20051216_45595_0200_PP.png
20051216_47383_0200_PP.png,2,0,1,/Users/sakshishetty/.cache/kagglehub/datasets/mariaherrerot/messidor2preprocess/versions/2/messidor-2/messidor-2/preprocess/20051216_47383_0200_PP.png
IM002718.JPG,0,0,1,/Users/sakshishetty/.cache/kagglehub/datasets/mariaherrerot/messidor2preprocess/versions/2/messidor-2/messidor-2/preprocess/IM002718.JPG
IM002860.JPG,0,0,1,/Users/sakshishetty/.cache/kagglehub/datasets/mariaherrerot/messidor2preprocess/versions/2/messidor-2/messidor-2/preprocess/IM002860.JPG
IM003035.JPG,0,0,1,/Users/sakshishetty/.cache/kagglehub/datasets/mariaherrerot/messidor2preprocess/versions/2/messidor-2/messidor-2/preprocess/IM003035.JPG
20060407_46394_0200_PP.png,2,0,1,/Users/sakshishetty/.cache/kagglehub/datasets/mariaherrerot/messidor2preprocess/versions/2/messidor-2/messidor-2/preprocess/20060407_46394_0200_PP.png
20051110_38472_0400_PP.png,0,0,1,/Users/sakshishetty/.cache/kagglehub/datasets/mariaherrerot/messidor2preprocess/versions/2/messidor-2/messidor-2/preprocess/20051110_38472_0400_PP.png
IM001965.JPG,0,0,1,/Users/sakshishetty/.cache/kagglehub/datasets/mariaherrerot/messidor2preprocess/versions/2/messidor-2/messidor-2/preprocess/IM001965.JPG
IM001985.JPG,0,0,1,/Users/sakshishetty/.cache/kagglehub/datasets/mariaherrerot/messidor2preprocess/versions/2/messidor-2/messidor-2/preprocess/IM001985.JPG
IM000554.JPG,0,0,1,/Users/sakshishetty/.cache/kagglehub/datasets/mariaherrerot/messidor2preprocess/versions/2/messidor-2/messidor-2/preprocess/IM000554.JPG
IM002252.JPG,1,0,1,/Users/sakshishetty/.cache/kagglehub/datasets/mariaherrerot/messidor2preprocess/versions/2/messidor-2/messidor-2/preprocess/IM002252.JPG
20060412_52758_0200_PP.png,1,0,1,/Users/sakshishetty/.cache/kagglehub/datasets/mariaherrerot/messidor2preprocess/versions/2/messidor-2/messidor-2/preprocess/20060412_52758_0200_PP.png
20051214_41289_0100_PP.png,2,0,1,/Users/sakshishetty/.cache/kagglehub/datasets/mariaherrerot/messidor2preprocess/versions/2/messidor-2/messidor-2/preprocess/20051214_41289_0100_PP.png
20051202_55607_0400_PP.png,2,0,1,/Users/sakshishetty/.cache/kagglehub/datasets/mariaherrerot/messidor2preprocess/versions/2/messidor-2/messidor-2/preprocess/20051202_55607_0400_PP.png
20051020_45137_0100_PP.png,4,1,1,/Users/sakshishetty/.cache/kagglehub/datasets/mariaherrerot/messidor2preprocess/versions/2/messidor-2/messidor-2/preprocess/20051020_45137_0100_PP.png
IM004797.JPG,1,0,1,/Users/sakshishetty/.cache/kagglehub/datasets/mariaherrerot/messidor2preprocess/versions/2/messidor-2/messidor-2/preprocess/IM004797.JPG
IM001984.JPG,0,0,1,/Users/sakshishetty/.cache/kagglehub/datasets/mariaherrerot/messidor2preprocess/versions/2/messidor-2/messidor-2/preprocess/IM001984.JPG
IM000595.JPG,0,0,1,/Users/sakshishetty/.cache/kagglehub/datasets/mariaherrerot/messidor2preprocess/versions/2/messidor-2/messidor-2/preprocess/IM000595.JPG
20060412_52931_0200_PP.png,3,1,1,/Users/sakshishetty/.cache/kagglehub/datasets/mariaherrerot/messidor2preprocess/versions/2/messidor-2/messidor-2/preprocess/20060412_52931_0200_PP.png
20060530_51399_0100_PP.png,2,1,1,/Users/sakshishetty/.cache/kagglehub/datasets/mariaherrerot/messidor2preprocess/versions/2/messidor-2/messidor-2/preprocess/20060530_51399_0100_PP.png
IM000425.JPG,0,0,1,/Users/sakshishetty/.cache/kagglehub/datasets/mariaherrerot/messidor2preprocess/versions/2/messidor-2/messidor-2/preprocess/IM000425.JPG
20051116_59168_0400_PP.png,2,0,1,/Users/sakshishetty/.cache/kagglehub/datasets/mariaherrerot/messidor2preprocess/versions/2/messidor-2/messidor-2/preprocess/20051116_59168_0400_PP.png
20060412_58314_0200_PP.png,2,0,1,/Users/sakshishetty/.cache/kagglehub/datasets/mariaherrerot/messidor2preprocess/versions/2/messidor-2/messidor-2/preprocess/20060412_58314_0200_PP.png
20051020_64007_0100_PP.png,3,1,1,/Users/sakshishetty/.cache/kagglehub/datasets/mariaherrerot/messidor2preprocess/versions/2/messidor-2/messidor-2/preprocess/20051020_64007_0100_PP.png
IM001227.JPG,0,0,1,/Users/sakshishetty/.cache/kagglehub/datasets/mariaherrerot/messidor2preprocess/versions/2/messidor-2/messidor-2/preprocess/IM001227.JPG
20051020_55701_0100_PP.png,1,0,1,/Users/sakshishetty/.cache/kagglehub/datasets/mariaherrerot/messidor2preprocess/versions/2/messidor-2/messidor-2/preprocess/20051020_55701_0100_PP.png
20051202_55582_0400_PP.png,2,0,1,/Users/sakshishetty/.cache/kagglehub/datasets/mariaherrerot/messidor2preprocess/versions/2/messidor-2/messidor-2/preprocess/20051202_55582_0400_PP.png
20060530_55724_0100_PP.png,3,0,1,/Users/sakshishetty/.cache/kagglehub/datasets/mariaherrerot/messidor2preprocess/versions/2/messidor-2/messidor-2/preprocess/20060530_55724_0100_PP.png
IM000530.JPG,1,0,1,/Users/sakshishetty/.cache/kagglehub/datasets/mariaherrerot/messidor2preprocess/versions/2/messidor-2/messidor-2/preprocess/IM000530.JPG
20060411_59728_0200_PP.png,2,1,1,/Users/sakshishetty/.cache/kagglehub/datasets/mariaherrerot/messidor2preprocess/versions/2/messidor-2/messidor-2/preprocess/20060411_59728_0200_PP.png
20060410_39203_0200_PP.png,1,0,1,/Users/sakshishetty/.cache/kagglehub/datasets/mariaherrerot/messidor2preprocess/versions/2/messidor-2/messidor-2/preprocess/20060410_39203_0200_PP.png
20060410_39334_0200_PP.png,1,0,1,/Users/sakshishetty/.cache/kagglehub/datasets/mariaherrerot/messidor2preprocess/versions/2/messidor-2/messidor-2/preprocess/20060410_39334_0200_PP.png
IM002782.JPG,0,0,1,/Users/sakshishetty/.cache/kagglehub/datasets/mariaherrerot/messidor2preprocess/versions/2/messidor-2/messidor-2/preprocess/IM002782.JPG
IM001440.JPG,0,0,1,/Users/sakshishetty/.cache/kagglehub/datasets/mariaherrerot/messidor2preprocess/versions/2/messidor-2/messidor-2/preprocess/IM001440.JPG
20060407_39780_0200_PP.png,0,0,1,/Users/sakshishetty/.cache/kagglehub/datasets/mariaherrerot/messidor2preprocess/versions/2/messidor-2/messidor-2/preprocess/20060407_39780_0200_PP.png
20060410_47016_0200_PP.png,1,0,1,/Users/sakshishetty/.cache/kagglehub/datasets/mariaherrerot/messidor2preprocess/versions/2/messidor-2/messidor-2/preprocess/20060410_47016_0200_PP.png
20051020_61804_0100_PP.png,1,0,1,/Users/sakshishetty/.cache/kagglehub/datasets/mariaherrerot/messidor2preprocess/versions/2/messidor-2/messidor-2/preprocess/20051020_61804_0100_PP.png
IM002901.JPG,1,0,1,/Users/sakshishetty/.cache/kagglehub/datasets/mariaherrerot/messidor2preprocess/versions/2/messidor-2/messidor-2/preprocess/IM002901.JPG
20060407_45834_0200_PP.png,0,0,1,/Users/sakshishetty/.cache/kagglehub/datasets/mariaherrerot/messidor2preprocess/versions/2/messidor-2/messidor-2/preprocess/20060407_45834_0200_PP.png
20051130_59802_0400_PP.png,0,0,1,/Users/sakshishetty/.cache/kagglehub/datasets/mariaherrerot/messidor2preprocess/versions/2/messidor-2/messidor-2/preprocess/20051130_59802_0400_PP.png
20060407_44192_0200_PP.png,1,0,1,/Users/sakshishetty/.cache/kagglehub/datasets/mariaherrerot/messidor2preprocess/versions/2/messidor-2/messidor-2/preprocess/20060407_44192_0200_PP.png
IM003012.JPG,0,0,1,/Users/sakshishetty/.cache/kagglehub/datasets/mariaherrerot/messidor2preprocess/versions/2/messidor-2/messidor-2/preprocess/IM003012.JPG
20051110_38239_0400_PP.png,1,0,1,/Users/sakshishetty/.cache/kagglehub/datasets/mariaherrerot/messidor2preprocess/versions/2/messidor-2/messidor-2/preprocess/20051110_38239_0400_PP.png
IM003812.JPG,0,0,1,/Users/sakshishetty/.cache/kagglehub/datasets/mariaherrerot/messidor2preprocess/versions/2/messidor-2/messidor-2/preprocess/IM003812.JPG
IM004783.JPG,0,0,1,/Users/sakshishetty/.cache/kagglehub/datasets/mariaherrerot/messidor2preprocess/versions/2/messidor-2/messidor-2/preprocess/IM004783.JPG
IM002215.JPG,0,0,1,/Users/sakshishetty/.cache/kagglehub/datasets/mariaherrerot/messidor2preprocess/versions/2/messidor-2/messidor-2/preprocess/IM002215.JPG
20051205_57780_0400_PP.png,0,0,1,/Users/sakshishetty/.cache/kagglehub/datasets/mariaherrerot/messidor2preprocess/versions/2/messidor-2/messidor-2/preprocess/20051205_57780_0400_PP.png
IM003857.JPG,0,0,1,/Users/sakshishetty/.cache/kagglehub/datasets/mariaherrerot/messidor2preprocess/versions/2/messidor-2/messidor-2/preprocess/IM003857.JPG
IM000072.JPG,0,0,1,/Users/sakshishetty/.cache/kagglehub/datasets/mariaherrerot/messidor2preprocess/versions/2/messidor-2/messidor-2/preprocess/IM000072.JPG
IM002902.JPG,0,0,1,/Users/sakshishetty/.cache/kagglehub/datasets/mariaherrerot/messidor2preprocess/versions/2/messidor-2/messidor-2/preprocess/IM002902.JPG
20060410_41191_0200_PP.png,0,0,1,/Users/sakshishetty/.cache/kagglehub/datasets/mariaherrerot/messidor2preprocess/versions/2/messidor-2/messidor-2/preprocess/20060410_41191_0200_PP.png
20060410_39500_0200_PP.png,0,0,1,/Users/sakshishetty/.cache/kagglehub/datasets/mariaherrerot/messidor2preprocess/versions/2/messidor-2/messidor-2/preprocess/20060410_39500_0200_PP.png
20051214_52707_0100_PP.png,2,1,1,/Users/sakshishetty/.cache/kagglehub/datasets/mariaherrerot/messidor2preprocess/versions/2/messidor-2/messidor-2/preprocess/20051214_52707_0100_PP.png
IM003571.JPG,0,0,1,/Users/sakshishetty/.cache/kagglehub/datasets/mariaherrerot/messidor2preprocess/versions/2/messidor-2/messidor-2/preprocess/IM003571.JPG
IM004184.JPG,1,0,1,/Users/sakshishetty/.cache/kagglehub/datasets/mariaherrerot/messidor2preprocess/versions/2/messidor-2/messidor-2/preprocess/IM004184.JPG
IM001387.JPG,0,0,1,/Users/sakshishetty/.cache/kagglehub/datasets/mariaherrerot/messidor2preprocess/versions/2/messidor-2/messidor-2/preprocess/IM001387.JPG
20060412_60454_0200_PP.png,2,0,1,/Users/sakshishetty/.cache/kagglehub/datasets/mariaherrerot/messidor2preprocess/versions/2/messidor-2/messidor-2/preprocess/20060412_60454_0200_PP.png
IM002053.JPG,0,0,1,/Users/sakshishetty/.cache/kagglehub/datasets/mariaherrerot/messidor2preprocess/versions/2/messidor-2/messidor-2/preprocess/IM002053.JPG
IM004669.JPG,0,0,1,/Users/sakshishetty/.cache/kagglehub/datasets/mariaherrerot/messidor2preprocess/versions/2/messidor-2/messidor-2/preprocess/IM004669.JPG
20060410_43698_0200_PP.png,3,0,1,/Users/sakshishetty/.cache/kagglehub/datasets/mariaherrerot/messidor2preprocess/versions/2/messidor-2/messidor-2/preprocess/20060410_43698_0200_PP.png
20051205_58109_0400_PP.png,0,0,1,/Users/sakshishetty/.cache/kagglehub/datasets/mariaherrerot/messidor2preprocess/versions/2/messidor-2/messidor-2/preprocess/20051205_58109_0400_PP.png
20051214_40456_0100_PP.png,1,0,1,/Users/sakshishetty/.cache/kagglehub/datasets/mariaherrerot/messidor2preprocess/versions/2/messidor-2/messidor-2/preprocess/20051214_40456_0100_PP.png
IM000859.JPG,0,0,1,/Users/sakshishetty/.cache/kagglehub/datasets/mariaherrerot/messidor2preprocess/versions/2/messidor-2/messidor-2/preprocess/IM000859.JPG
IM000086.JPG,0,0,1,/Users/sakshishetty/.cache/kagglehub/datasets/mariaherrerot/messidor2preprocess/versions/2/messidor-2/messidor-2/preprocess/IM000086.JPG
20051202_55921_0400_PP.png,2,1,1,/Users/sakshishetty/.cache/kagglehub/datasets/mariaherrerot/messidor2preprocess/versions/2/messidor-2/messidor-2/preprocess/20051202_55921_0400_PP.png
IM004538.JPG,0,0,1,/Users/sakshishetty/.cache/kagglehub/datasets/mariaherrerot/messidor2preprocess/versions/2/messidor-2/messidor-2/preprocess/IM004538.JPG
20060412_58563_0200_PP.png,2,1,1,/Users/sakshishetty/.cache/kagglehub/datasets/mariaherrerot/messidor2preprocess/versions/2/messidor-2/messidor-2/preprocess/20060412_58563_0200_PP.png
IM004747.JPG,0,0,1,/Users/sakshishetty/.cache/kagglehub/datasets/mariaherrerot/messidor2preprocess/versions/2/messidor-2/messidor-2/preprocess/IM004747.JPG
IM003323.JPG,0,0,1,/Users/sakshishetty/.cache/kagglehub/datasets/mariaherrerot/messidor2preprocess/versions/2/messidor-2/messidor-2/preprocess/IM003323.JPG
IM003424.JPG,0,0,1,/Users/sakshishetty/.cache/kagglehub/datasets/mariaherrerot/messidor2preprocess/versions/2/messidor-2/messidor-2/preprocess/IM003424.JPG
IM002322.JPG,0,0,1,/Users/sakshishetty/.cache/kagglehub/datasets/mariaherrerot/messidor2preprocess/versions/2/messidor-2/messidor-2/preprocess/IM002322.JPG
IM001539.JPG,0,0,1,/Users/sakshishetty/.cache/kagglehub/datasets/mariaherrerot/messidor2preprocess/versions/2/messidor-2/messidor-2/preprocess/IM001539.JPG
IM002822.JPG,0,0,1,/Users/sakshishetty/.cache/kagglehub/datasets/mariaherrerot/messidor2preprocess/versions/2/messidor-2/messidor-2/preprocess/IM002822.JPG
IM002466.JPG,0,0,1,/Users/sakshishetty/.cache/kagglehub/datasets/mariaherrerot/messidor2preprocess/versions/2/messidor-2/messidor-2/preprocess/IM002466.JPG
IM001673.JPG,0,0,1,/Users/sakshishetty/.cache/kagglehub/datasets/mariaherrerot/messidor2preprocess/versions/2/messidor-2/messidor-2/preprocess/IM001673.JPG
IM003474.JPG,0,0,1,/Users/sakshishetty/.cache/kagglehub/datasets/mariaherrerot/messidor2preprocess/versions/2/messidor-2/messidor-2/preprocess/IM003474.JPG
IM002544.JPG,0,0,1,/Users/sakshishetty/.cache/kagglehub/datasets/mariaherrerot/messidor2preprocess/versions/2/messidor-2/messidor-2/preprocess/IM002544.JPG
IM002003.JPG,0,0,1,/Users/sakshishetty/.cache/kagglehub/datasets/mariaherrerot/messidor2preprocess/versions/2/messidor-2/messidor-2/preprocess/IM002003.JPG
20060407_45087_0200_PP.png,1,0,1,/Users/sakshishetty/.cache/kagglehub/datasets/mariaherrerot/messidor2preprocess/versions/2/messidor-2/messidor-2/preprocess/20060407_45087_0200_PP.png
20060410_47166_0200_PP.png,1,0,1,/Users/sakshishetty/.cache/kagglehub/datasets/mariaherrerot/messidor2preprocess/versions/2/messidor-2/messidor-2/preprocess/20060410_47166_0200_PP.png
IM001322.JPG,0,0,1,/Users/sakshishetty/.cache/kagglehub/datasets/mariaherrerot/messidor2preprocess/versions/2/messidor-2/messidor-2/preprocess/IM001322.JPG
IM001358.JPG,1,0,1,/Users/sakshishetty/.cache/kagglehub/datasets/mariaherrerot/messidor2preprocess/versions/2/messidor-2/messidor-2/preprocess/IM001358.JPG
20060412_58747_0200_PP.png,2,0,1,/Users/sakshishetty/.cache/kagglehub/datasets/mariaherrerot/messidor2preprocess/versions/2/messidor-2/messidor-2/preprocess/20060412_58747_0200_PP.png
20051213_62383_0100_PP.png,3,1,1,/Users/sakshishetty/.cache/kagglehub/datasets/mariaherrerot/messidor2preprocess/versions/2/messidor-2/messidor-2/preprocess/20051213_62383_0100_PP.png
20060523_48161_0100_PP.png,0,0,1,/Users/sakshishetty/.cache/kagglehub/datasets/mariaherrerot/messidor2preprocess/versions/2/messidor-2/messidor-2/preprocess/20060523_48161_0100_PP.png
IM004085.JPG,2,0,1,/Users/sakshishetty/.cache/kagglehub/datasets/mariaherrerot/messidor2preprocess/versions/2/messidor-2/messidor-2/preprocess/IM004085.JPG
IM004005.JPG,0,0,1,/Users/sakshishetty/.cache/kagglehub/datasets/mariaherrerot/messidor2preprocess/versions/2/messidor-2/messidor-2/preprocess/IM004005.JPG
20051214_56971_0100_PP.png,4,1,1,/Users/sakshishetty/.cache/kagglehub/datasets/mariaherrerot/messidor2preprocess/versions/2/messidor-2/messidor-2/preprocess/20051214_56971_0100_PP.png
20051130_55269_0400_PP.png,0,0,1,/Users/sakshishetty/.cache/kagglehub/datasets/mariaherrerot/messidor2preprocess/versions/2/messidor-2/messidor-2/preprocess/20051130_55269_0400_PP.png
20060411_62373_0200_PP.png,3,0,1,/Users/sakshishetty/.cache/kagglehub/datasets/mariaherrerot/messidor2preprocess/versions/2/messidor-2/messidor-2/preprocess/20060411_62373_0200_PP.png
20051130_58716_0400_PP.png,0,0,1,/Users/sakshishetty/.cache/kagglehub/datasets/mariaherrerot/messidor2preprocess/versions/2/messidor-2/messidor-2/preprocess/20051130_58716_0400_PP.png
20051202_55816_0400_PP.png,2,0,1,/Users/sakshishetty/.cache/kagglehub/datasets/mariaherrerot/messidor2preprocess/versions/2/messidor-2/messidor-2/preprocess/20051202_55816_0400_PP.png
20060529_57063_0100_PP.png,3,1,1,/Users/sakshishetty/.cache/kagglehub/datasets/mariaherrerot/messidor2preprocess/versions/2/messidor-2/messidor-2/preprocess/20060529_57063_0100_PP.png
20060407_43618_0200_PP.png,0,0,1,/Users/sakshishetty/.cache/kagglehub/datasets/mariaherrerot/messidor2preprocess/versions/2/messidor-2/messidor-2/preprocess/20060407_43618_0200_PP.png
IM003175.JPG,0,0,1,/Users/sakshishetty/.cache/kagglehub/datasets/mariaherrerot/messidor2preprocess/versions/2/messidor-2/messidor-2/preprocess/IM003175.JPG
20060529_56730_0100_PP.png,2,0,1,/Users/sakshishetty/.cache/kagglehub/datasets/mariaherrerot/messidor2preprocess/versions/2/messidor-2/messidor-2/preprocess/20060529_56730_0100_PP.png
20051130_60448_0400_PP.png,0,0,1,/Users/sakshishetty/.cache/kagglehub/datasets/mariaherrerot/messidor2preprocess/versions/2/messidor-2/messidor-2/preprocess/20051130_60448_0400_PP.png
20060523_50616_0100_PP.png,0,0,1,/Users/sakshishetty/.cache/kagglehub/datasets/mariaherrerot/messidor2preprocess/versions/2/messidor-2/messidor-2/preprocess/20060523_50616_0100_PP.png
20051020_45050_0100_PP.png,3,1,1,/Users/sakshishetty/.cache/kagglehub/datasets/mariaherrerot/messidor2preprocess/versions/2/messidor-2/messidor-2/preprocess/20051020_45050_0100_PP.png
20060410_41603_0200_PP.png,0,0,1,/Users/sakshishetty/.cache/kagglehub/datasets/mariaherrerot/messidor2preprocess/versions/2/messidor-2/messidor-2/preprocess/20060410_41603_0200_PP.png
IM002614.JPG,0,0,1,/Users/sakshishetty/.cache/kagglehub/datasets/mariaherrerot/messidor2preprocess/versions/2/messidor-2/messidor-2/preprocess/IM002614.JPG
IM000806.JPG,0,0,1,/Users/sakshishetty/.cache/kagglehub/datasets/mariaherrerot/messidor2preprocess/versions/2/messidor-2/messidor-2/preprocess/IM000806.JPG
20051109_59751_0400_PP.png,1,0,1,/Users/sakshishetty/.cache/kagglehub/datasets/mariaherrerot/messidor2preprocess/versions/2/messidor-2/messidor-2/preprocess/20051109_59751_0400_PP.png
20060411_60511_0200_PP.png,0,0,1,/Users/sakshishetty/.cache/kagglehub/datasets/mariaherrerot/messidor2preprocess/versions/2/messidor-2/messidor-2/preprocess/20060411_60511_0200_PP.png
20060410_44464_0200_PP.png,0,0,1,/Users/sakshishetty/.cache/kagglehub/datasets/mariaherrerot/messidor2preprocess/versions/2/messidor-2/messidor-2/preprocess/20060410_44464_0200_PP.png
IM001217.JPG,0,0,1,/Users/sakshishetty/.cache/kagglehub/datasets/mariaherrerot/messidor2preprocess/versions/2/messidor-2/messidor-2/preprocess/IM001217.JPG
20051216_44252_0200_PP.png,0,0,1,/Users/sakshishetty/.cache/kagglehub/datasets/mariaherrerot/messidor2preprocess/versions/2/messidor-2/messidor-2/preprocess/20051216_44252_0200_PP.png
20060412_61222_0200_PP.png,2,0,1,/Users/sakshishetty/.cache/kagglehub/datasets/mariaherrerot/messidor2preprocess/versions/2/messidor-2/messidor-2/preprocess/20060412_61222_0200_PP.png
20051216_43913_0200_PP.png,0,0,1,/Users/sakshishetty/.cache/kagglehub/datasets/mariaherrerot/messidor2preprocess/versions/2/messidor-2/messidor-2/preprocess/20051216_43913_0200_PP.png
20051205_35305_0400_PP.png,2,0,1,/Users/sakshishetty/.cache/kagglehub/datasets/mariaherrerot/messidor2preprocess/versions/2/messidor-2/messidor-2/preprocess/20051205_35305_0400_PP.png
20051130_60186_0400_PP.png,0,0,1,/Users/sakshishetty/.cache/kagglehub/datasets/mariaherrerot/messidor2preprocess/versions/2/messidor-2/messidor-2/preprocess/20051130_60186_0400_PP.png
20060411_58624_0200_PP.png,2,0,1,/Users/sakshishetty/.cache/kagglehub/datasets/mariaherrerot/messidor2preprocess/versions/2/messidor-2/messidor-2/preprocess/20060411_58624_0200_PP.png
20060523_50392_0100_PP.png,2,1,1,/Users/sakshishetty/.cache/kagglehub/datasets/mariaherrerot/messidor2preprocess/versions/2/messidor-2/messidor-2/preprocess/20060523_50392_0100_PP.png
20051110_38156_0400_PP.png,0,0,1,/Users/sakshishetty/.cache/kagglehub/datasets/mariaherrerot/messidor2preprocess/versions/2/messidor-2/messidor-2/preprocess/20051110_38156_0400_PP.png
20060407_44889_0200_PP.png,0,0,1,/Users/sakshishetty/.cache/kagglehub/datasets/mariaherrerot/messidor2preprocess/versions/2/messidor-2/messidor-2/preprocess/20060407_44889_0200_PP.png
20051020_43808_0100_PP.png,0,0,1,/Users/sakshishetty/.cache/kagglehub/datasets/mariaherrerot/messidor2preprocess/versions/2/messidor-2/messidor-2/preprocess/20051020_43808_0100_PP.png
20051130_54802_0400_PP.png,0,0,1,/Users/sakshishetty/.cache/kagglehub/datasets/mariaherrerot/messidor2preprocess/versions/2/messidor-2/messidor-2/preprocess/20051130_54802_0400_PP.png
20051202_55669_0400_PP.png,2,0,1,/Users/sakshishetty/.cache/kagglehub/datasets/mariaherrerot/messidor2preprocess/versions/2/messidor-2/messidor-2/preprocess/20051202_55669_0400_PP.png
IM002829.JPG,0,0,1,/Users/sakshishetty/.cache/kagglehub/datasets/mariaherrerot/messidor2preprocess/versions/2/messidor-2/messidor-2/preprocess/IM002829.JPG
IM000472.JPG,2,0,1,/Users/sakshishetty/.cache/kagglehub/datasets/mariaherrerot/messidor2preprocess/versions/2/messidor-2/messidor-2/preprocess/IM000472.JPG
IM001371.JPG,3,0,1,/Users/sakshishetty/.cache/kagglehub/datasets/mariaherrerot/messidor2preprocess/versions/2/messidor-2/messidor-2/preprocess/IM001371.JPG
IM000473.JPG,2,0,1,/Users/sakshishetty/.cache/kagglehub/datasets/mariaherrerot/messidor2preprocess/versions/2/messidor-2/messidor-2/preprocess/IM000473.JPG
20051202_51518_0400_PP.png,2,0,1,/Users/sakshishetty/.cache/kagglehub/datasets/mariaherrerot/messidor2preprocess/versions/2/messidor-2/messidor-2/preprocess/20051202_51518_0400_PP.png
IM002982.JPG,2,0,1,/Users/sakshishetty/.cache/kagglehub/datasets/mariaherrerot/messidor2preprocess/versions/2/messidor-2/messidor-2/preprocess/IM002982.JPG
IM000057.JPG,0,0,1,/Users/sakshishetty/.cache/kagglehub/datasets/mariaherrerot/messidor2preprocess/versions/2/messidor-2/messidor-2/preprocess/IM000057.JPG
IM004554.JPG,0,0,1,/Users/sakshishetty/.cache/kagglehub/datasets/mariaherrerot/messidor2preprocess/versions/2/messidor-2/messidor-2/preprocess/IM004554.JPG
IM001618.JPG,2,0,1,/Users/sakshishetty/.cache/kagglehub/datasets/mariaherrerot/messidor2preprocess/versions/2/messidor-2/messidor-2/preprocess/IM001618.JPG
20051208_42322_0400_PP.png,3,0,1,/Users/sakshishetty/.cache/kagglehub/datasets/mariaherrerot/messidor2preprocess/versions/2/messidor-2/messidor-2/preprocess/20051208_42322_0400_PP.png
20051214_56636_0100_PP.png,0,0,1,/Users/sakshishetty/.cache/kagglehub/datasets/mariaherrerot/messidor2preprocess/versions/2/messidor-2/messidor-2/preprocess/20051214_56636_0100_PP.png
20051208_39546_0400_PP.png,2,0,1,/Users/sakshishetty/.cache/kagglehub/datasets/mariaherrerot/messidor2preprocess/versions/2/messidor-2/messidor-2/preprocess/20051208_39546_0400_PP.png
IM003481.JPG,3,0,1,/Users/sakshishetty/.cache/kagglehub/datasets/mariaherrerot/messidor2preprocess/versions/2/messidor-2/messidor-2/preprocess/IM003481.JPG
IM002952.JPG,2,0,1,/Users/sakshishetty/.cache/kagglehub/datasets/mariaherrerot/messidor2preprocess/versions/2/messidor-2/messidor-2/preprocess/IM002952.JPG
IM000732.JPG,1,0,1,/Users/sakshishetty/.cache/kagglehub/datasets/mariaherrerot/messidor2preprocess/versions/2/messidor-2/messidor-2/preprocess/IM000732.JPG
20051202_55650_0400_PP.png,2,0,1,/Users/sakshishetty/.cache/kagglehub/datasets/mariaherrerot/messidor2preprocess/versions/2/messidor-2/messidor-2/preprocess/20051202_55650_0400_PP.png
20051130_55086_0400_PP.png,0,0,1,/Users/sakshishetty/.cache/kagglehub/datasets/mariaherrerot/messidor2preprocess/versions/2/messidor-2/messidor-2/preprocess/20051130_55086_0400_PP.png
20060411_61214_0200_PP.png,2,1,1,/Users/sakshishetty/.cache/kagglehub/datasets/mariaherrerot/messidor2preprocess/versions/2/messidor-2/messidor-2/preprocess/20060411_61214_0200_PP.png
IM004406.JPG,0,0,1,/Users/sakshishetty/.cache/kagglehub/datasets/mariaherrerot/messidor2preprocess/versions/2/messidor-2/messidor-2/preprocess/IM004406.JPG
20051130_60630_0400_PP.png,0,0,1,/Users/sakshishetty/.cache/kagglehub/datasets/mariaherrerot/messidor2preprocess/versions/2/messidor-2/messidor-2/preprocess/20051130_60630_0400_PP.png
20060412_60978_0200_PP.png,2,0,1,/Users/sakshishetty/.cache/kagglehub/datasets/mariaherrerot/messidor2preprocess/versions/2/messidor-2/messidor-2/preprocess/20060412_60978_0200_PP.png
20051208_39297_0400_PP.png,2,0,1,/Users/sakshishetty/.cache/kagglehub/datasets/mariaherrerot/messidor2preprocess/versions/2/messidor-2/messidor-2/preprocess/20051208_39297_0400_PP.png
20051116_44718_0400_PP.png,1,0,1,/Users/sakshishetty/.cache/kagglehub/datasets/mariaherrerot/messidor2preprocess/versions/2/messidor-2/messidor-2/preprocess/20051116_44718_0400_PP.png
IM001026.JPG,0,0,1,/Users/sakshishetty/.cache/kagglehub/datasets/mariaherrerot/messidor2preprocess/versions/2/messidor-2/messidor-2/preprocess/IM001026.JPG
20060523_42953_0100_PP.png,0,0,1,/Users/sakshishetty/.cache/kagglehub/datasets/mariaherrerot/messidor2preprocess/versions/2/messidor-2/messidor-2/preprocess/20060523_42953_0100_PP.png
20051110_35926_0400_PP.png,1,0,1,/Users/sakshishetty/.cache/kagglehub/datasets/mariaherrerot/messidor2preprocess/versions/2/messidor-2/messidor-2/preprocess/20051110_35926_0400_PP.png
20060411_60263_0200_PP.png,2,1,1,/Users/sakshishetty/.cache/kagglehub/datasets/mariaherrerot/messidor2preprocess/versions/2/messidor-2/messidor-2/preprocess/20060411_60263_0200_PP.png
20051202_48393_0400_PP.png,1,0,1,/Users/sakshishetty/.cache/kagglehub/datasets/mariaherrerot/messidor2preprocess/versions/2/messidor-2/messidor-2/preprocess/20051202_48393_0400_PP.png
IM000122.JPG,0,0,1,/Users/sakshishetty/.cache/kagglehub/datasets/mariaherrerot/messidor2preprocess/versions/2/messidor-2/messidor-2/preprocess/IM000122.JPG
20051202_41260_0400_PP.png,1,0,1,/Users/sakshishetty/.cache/kagglehub/datasets/mariaherrerot/messidor2preprocess/versions/2/messidor-2/messidor-2/preprocess/20051202_41260_0400_PP.png
20060412_60573_0200_PP.png,1,0,1,/Users/sakshishetty/.cache/kagglehub/datasets/mariaherrerot/messidor2preprocess/versions/2/messidor-2/messidor-2/preprocess/20060412_60573_0200_PP.png
IM002486.JPG,4,0,1,/Users/sakshishetty/.cache/kagglehub/datasets/mariaherrerot/messidor2preprocess/versions/2/messidor-2/messidor-2/preprocess/IM002486.JPG
20051216_44221_0200_PP.png,0,0,1,/Users/sakshishetty/.cache/kagglehub/datasets/mariaherrerot/messidor2preprocess/versions/2/messidor-2/messidor-2/preprocess/20051216_44221_0200_PP.png
IM000594.JPG,0,0,1,/Users/sakshishetty/.cache/kagglehub/datasets/mariaherrerot/messidor2preprocess/versions/2/messidor-2/messidor-2/preprocess/IM000594.JPG
20060522_45541_0100_PP.png,4,1,1,/Users/sakshishetty/.cache/kagglehub/datasets/mariaherrerot/messidor2preprocess/versions/2/messidor-2/messidor-2/preprocess/20060522_45541_0100_PP.png
IM003602.JPG,1,0,1,/Users/sakshishetty/.cache/kagglehub/datasets/mariaherrerot/messidor2preprocess/versions/2/messidor-2/messidor-2/preprocess/IM003602.JPG
20051208_41373_0400_PP.png,2,0,1,/Users/sakshishetty/.cache/kagglehub/datasets/mariaherrerot/messidor2preprocess/versions/2/messidor-2/messidor-2/preprocess/20051208_41373_0400_PP.png
20051205_59337_0400_PP.png,0,0,1,/Users/sakshishetty/.cache/kagglehub/datasets/mariaherrerot/messidor2preprocess/versions/2/messidor-2/messidor-2/preprocess/20051205_59337_0400_PP.png
IM004748.JPG,0,0,1,/Users/sakshishetty/.cache/kagglehub/datasets/mariaherrerot/messidor2preprocess/versions/2/messidor-2/messidor-2/preprocess/IM004748.JPG
20060411_59190_0200_PP.png,2,1,1,/Users/sakshishetty/.cache/kagglehub/datasets/mariaherrerot/messidor2preprocess/versions/2/messidor-2/messidor-2/preprocess/20060411_59190_0200_PP.png
20060411_61419_0200_PP.png,2,0,1,/Users/sakshishetty/.cache/kagglehub/datasets/mariaherrerot/messidor2preprocess/versions/2/messidor-2/messidor-2/preprocess/20060411_61419_0200_PP.png
IM003968.JPG,0,0,1,/Users/sakshishetty/.cache/kagglehub/datasets/mariaherrerot/messidor2preprocess/versions/2/messidor-2/messidor-2/preprocess/IM003968.JPG
IM004261.JPG,0,0,1,/Users/sakshishetty/.cache/kagglehub/datasets/mariaherrerot/messidor2preprocess/versions/2/messidor-2/messidor-2/preprocess/IM004261.JPG
IM000546.JPG,2,0,1,/Users/sakshishetty/.cache/kagglehub/datasets/mariaherrerot/messidor2preprocess/versions/2/messidor-2/messidor-2/preprocess/IM000546.JPG
IM004831.JPG,0,0,1,/Users/sakshishetty/.cache/kagglehub/datasets/mariaherrerot/messidor2preprocess/versions/2/messidor-2/messidor-2/preprocess/IM004831.JPG
IM001007.JPG,0,0,1,/Users/sakshishetty/.cache/kagglehub/datasets/mariaherrerot/messidor2preprocess/versions/2/messidor-2/messidor-2/preprocess/IM001007.JPG
20060529_56948_0100_PP.png,0,0,1,/Users/sakshishetty/.cache/kagglehub/datasets/mariaherrerot/messidor2preprocess/versions/2/messidor-2/messidor-2/preprocess/20060529_56948_0100_PP.png
20051109_59864_0400_PP.png,1,0,1,/Users/sakshishetty/.cache/kagglehub/datasets/mariaherrerot/messidor2preprocess/versions/2/messidor-2/messidor-2/preprocess/20051109_59864_0400_PP.png
20051216_47420_0200_PP.png,1,0,1,/Users/sakshishetty/.cache/kagglehub/datasets/mariaherrerot/messidor2preprocess/versions/2/messidor-2/messidor-2/preprocess/20051216_47420_0200_PP.png
20051213_62314_0100_PP.png,0,0,1,/Users/sakshishetty/.cache/kagglehub/datasets/mariaherrerot/messidor2preprocess/versions/2/messidor-2/messidor-2/preprocess/20051213_62314_0100_PP.png
20051116_58816_0400_PP.png,2,0,1,/Users/sakshishetty/.cache/kagglehub/datasets/mariaherrerot/messidor2preprocess/versions/2/messidor-2/messidor-2/preprocess/20051116_58816_0400_PP.png
20060530_54632_0100_PP.png,2,0,1,/Users/sakshishetty/.cache/kagglehub/datasets/mariaherrerot/messidor2preprocess/versions/2/messidor-2/messidor-2/preprocess/20060530_54632_0100_PP.png
20051207_56219_0400_PP.png,2,0,1,/Users/sakshishetty/.cache/kagglehub/datasets/mariaherrerot/messidor2preprocess/versions/2/messidor-2/messidor-2/preprocess/20051207_56219_0400_PP.png
20060530_54011_0100_PP.png,2,0,1,/Users/sakshishetty/.cache/kagglehub/datasets/mariaherrerot/messidor2preprocess/versions/2/messidor-2/messidor-2/preprocess/20060530_54011_0100_PP.png
IM003827.JPG,0,0,1,/Users/sakshishetty/.cache/kagglehub/datasets/mariaherrerot/messidor2preprocess/versions/2/messidor-2/messidor-2/preprocess/IM003827.JPG
20051130_53623_0400_PP.png,0,0,1,/Users/sakshishetty/.cache/kagglehub/datasets/mariaherrerot/messidor2preprocess/versions/2/messidor-2/messidor-2/preprocess/20051130_53623_0400_PP.png
20051216_44811_0200_PP.png,0,0,1,/Users/sakshishetty/.cache/kagglehub/datasets/mariaherrerot/messidor2preprocess/versions/2/messidor-2/messidor-2/preprocess/20051216_44811_0200_PP.png
IM001630.JPG,0,0,1,/Users/sakshishetty/.cache/kagglehub/datasets/mariaherrerot/messidor2preprocess/versions/2/messidor-2/messidor-2/preprocess/IM001630.JPG
20060410_41330_0200_PP.png,1,0,1,/Users/sakshishetty/.cache/kagglehub/datasets/mariaherrerot/messidor2preprocess/versions/2/messidor-2/messidor-2/preprocess/20060410_41330_0200_PP.png
20060407_44042_0200_PP.png,0,0,1,/Users/sakshishetty/.cache/kagglehub/datasets/mariaherrerot/messidor2preprocess/versions/2/messidor-2/messidor-2/preprocess/20060407_44042_0200_PP.png
IM001033.JPG,1,0,1,/Users/sakshishetty/.cache/kagglehub/datasets/mariaherrerot/messidor2preprocess/versions/2/messidor-2/messidor-2/preprocess/IM001033.JPG
IM000998.JPG,0,0,1,/Users/sakshishetty/.cache/kagglehub/datasets/mariaherrerot/messidor2preprocess/versions/2/messidor-2/messidor-2/preprocess/IM000998.JPG
IM001644.JPG,2,0,1,/Users/sakshishetty/.cache/kagglehub/datasets/mariaherrerot/messidor2preprocess/versions/2/messidor-2/messidor-2/preprocess/IM001644.JPG
IM001513.JPG,0,0,1,/Users/sakshishetty/.cache/kagglehub/datasets/mariaherrerot/messidor2preprocess/versions/2/messidor-2/messidor-2/preprocess/IM001513.JPG
IM000298.JPG,0,0,1,/Users/sakshishetty/.cache/kagglehub/datasets/mariaherrerot/messidor2preprocess/versions/2/messidor-2/messidor-2/preprocess/IM000298.JPG
IM002033.JPG,1,0,1,/Users/sakshishetty/.cache/kagglehub/datasets/mariaherrerot/messidor2preprocess/versions/2/messidor-2/messidor-2/preprocess/IM002033.JPG
IM003475.JPG,1,0,1,/Users/sakshishetty/.cache/kagglehub/datasets/mariaherrerot/messidor2preprocess/versions/2/messidor-2/messidor-2/preprocess/IM003475.JPG
IM001116.JPG,0,0,1,/Users/sakshishetty/.cache/kagglehub/datasets/mariaherrerot/messidor2preprocess/versions/2/messidor-2/messidor-2/preprocess/IM001116.JPG
20051214_41358_0100_PP.png,2,0,1,/Users/sakshishetty/.cache/kagglehub/datasets/mariaherrerot/messidor2preprocess/versions/2/messidor-2/messidor-2/preprocess/20051214_41358_0100_PP.png
20060412_59259_0200_PP.png,0,0,1,/Users/sakshishetty/.cache/kagglehub/datasets/mariaherrerot/messidor2preprocess/versions/2/messidor-2/messidor-2/preprocess/20060412_59259_0200_PP.png
20060523_45389_0100_PP.png,2,1,1,/Users/sakshishetty/.cache/kagglehub/datasets/mariaherrerot/messidor2preprocess/versions/2/messidor-2/messidor-2/preprocess/20060523_45389_0100_PP.png
20051020_56791_0100_PP.png,0,0,1,/Users/sakshishetty/.cache/kagglehub/datasets/mariaherrerot/messidor2preprocess/versions/2/messidor-2/messidor-2/preprocess/20051020_56791_0100_PP.png
IM002726.JPG,2,0,1,/Users/sakshishetty/.cache/kagglehub/datasets/mariaherrerot/messidor2preprocess/versions/2/messidor-2/messidor-2/preprocess/IM002726.JPG
IM000654.JPG,1,0,1,/Users/sakshishetty/.cache/kagglehub/datasets/mariaherrerot/messidor2preprocess/versions/2/messidor-2/messidor-2/preprocess/IM000654.JPG
20060411_60009_0200_PP.png,2,0,1,/Users/sakshishetty/.cache/kagglehub/datasets/mariaherrerot/messidor2preprocess/versions/2/messidor-2/messidor-2/preprocess/20060411_60009_0200_PP.png
IM003331.JPG,0,0,1,/Users/sakshishetty/.cache/kagglehub/datasets/mariaherrerot/messidor2preprocess/versions/2/messidor-2/messidor-2/preprocess/IM003331.JPG
20060412_61665_0200_PP.png,0,0,1,/Users/sakshishetty/.cache/kagglehub/datasets/mariaherrerot/messidor2preprocess/versions/2/messidor-2/messidor-2/preprocess/20060412_61665_0200_PP.png
IM001674.JPG,0,0,1,/Users/sakshishetty/.cache/kagglehub/datasets/mariaherrerot/messidor2preprocess/versions/2/messidor-2/messidor-2/preprocess/IM001674.JPG
20060412_60475_0200_PP.png,1,0,1,/Users/sakshishetty/.cache/kagglehub/datasets/mariaherrerot/messidor2preprocess/versions/2/messidor-2/messidor-2/preprocess/20060412_60475_0200_PP.png
20060523_49875_0100_PP.png,3,0,1,/Users/sakshishetty/.cache/kagglehub/datasets/mariaherrerot/messidor2preprocess/versions/2/messidor-2/messidor-2/preprocess/20060523_49875_0100_PP.png
20060523_45524_0100_PP.png,0,0,1,/Users/sakshishetty/.cache/kagglehub/datasets/mariaherrerot/messidor2preprocess/versions/2/messidor-2/messidor-2/preprocess/20060523_45524_0100_PP.png
IM000219.JPG,0,0,1,/Users/sakshishetty/.cache/kagglehub/datasets/mariaherrerot/messidor2preprocess/versions/2/messidor-2/messidor-2/preprocess/IM000219.JPG
IM004528.JPG,0,0,1,/Users/sakshishetty/.cache/kagglehub/datasets/mariaherrerot/messidor2preprocess/versions/2/messidor-2/messidor-2/preprocess/IM004528.JPG
20051021_58388_0100_PP.png,0,0,1,/Users/sakshishetty/.cache/kagglehub/datasets/mariaherrerot/messidor2preprocess/versions/2/messidor-2/messidor-2/preprocess/20051021_58388_0100_PP.png
20060412_52020_0200_PP.png,1,1,1,/Users/sakshishetty/.cache/kagglehub/datasets/mariaherrerot/messidor2preprocess/versions/2/messidor-2/messidor-2/preprocess/20060412_52020_0200_PP.png
20051021_58522_0100_PP.png,0,0,1,/Users/sakshishetty/.cache/kagglehub/datasets/mariaherrerot/messidor2preprocess/versions/2/messidor-2/messidor-2/preprocess/20051021_58522_0100_PP.png
20060412_62936_0200_PP.png,3,0,1,/Users/sakshishetty/.cache/kagglehub/datasets/mariaherrerot/messidor2preprocess/versions/2/messidor-2/messidor-2/preprocess/20060412_62936_0200_PP.png
IM000834.JPG,1,0,1,/Users/sakshishetty/.cache/kagglehub/datasets/mariaherrerot/messidor2preprocess/versions/2/messidor-2/messidor-2/preprocess/IM000834.JPG
IM003058.JPG,0,0,1,/Users/sakshishetty/.cache/kagglehub/datasets/mariaherrerot/messidor2preprocess/versions/2/messidor-2/messidor-2/preprocess/IM003058.JPG
IM003381.JPG,0,0,1,/Users/sakshishetty/.cache/kagglehub/datasets/mariaherrerot/messidor2preprocess/versions/2/messidor-2/messidor-2/preprocess/IM003381.JPG
IM000531.JPG,0,0,1,/Users/sakshishetty/.cache/kagglehub/datasets/mariaherrerot/messidor2preprocess/versions/2/messidor-2/messidor-2/preprocess/IM000531.JPG
20051130_55037_0400_PP.png,0,0,1,/Users/sakshishetty/.cache/kagglehub/datasets/mariaherrerot/messidor2preprocess/versions/2/messidor-2/messidor-2/preprocess/20051130_55037_0400_PP.png
20060410_40605_0200_PP.png,1,0,1,/Users/sakshishetty/.cache/kagglehub/datasets/mariaherrerot/messidor2preprocess/versions/2/messidor-2/messidor-2/preprocess/20060410_40605_0200_PP.png
IM003633.JPG,0,0,1,/Users/sakshishetty/.cache/kagglehub/datasets/mariaherrerot/messidor2preprocess/versions/2/messidor-2/messidor-2/preprocess/IM003633.JPG
IM001831.JPG,0,0,1,/Users/sakshishetty/.cache/kagglehub/datasets/mariaherrerot/messidor2preprocess/versions/2/messidor-2/messidor-2/preprocess/IM001831.JPG
20051020_63337_0100_PP.png,0,0,1,/Users/sakshishetty/.cache/kagglehub/datasets/mariaherrerot/messidor2preprocess/versions/2/messidor-2/messidor-2/preprocess/20051020_63337_0100_PP.png
20051130_59464_0400_PP.png,0,0,1,/Users/sakshishetty/.cache/kagglehub/datasets/mariaherrerot/messidor2preprocess/versions/2/messidor-2/messidor-2/preprocess/20051130_59464_0400_PP.png
20060407_43258_0200_PP.png,0,0,1,/Users/sakshishetty/.cache/kagglehub/datasets/mariaherrerot/messidor2preprocess/versions/2/messidor-2/messidor-2/preprocess/20060407_43258_0200_PP.png
IM001095.JPG,0,0,1,/Users/sakshishetty/.cache/kagglehub/datasets/mariaherrerot/messidor2preprocess/versions/2/messidor-2/messidor-2/preprocess/IM001095.JPG
20051130_60490_0400_PP.png,0,0,1,/Users/sakshishetty/.cache/kagglehub/datasets/mariaherrerot/messidor2preprocess/versions/2/messidor-2/messidor-2/preprocess/20051130_60490_0400_PP.png
IM000115.JPG,0,0,1,/Users/sakshishetty/.cache/kagglehub/datasets/mariaherrerot/messidor2preprocess/versions/2/messidor-2/messidor-2/preprocess/IM000115.JPG
20051130_55012_0400_PP.png,0,0,1,/Users/sakshishetty/.cache/kagglehub/datasets/mariaherrerot/messidor2preprocess/versions/2/messidor-2/messidor-2/preprocess/20051130_55012_0400_PP.png
20051214_51569_0100_PP.png,3,1,1,/Users/sakshishetty/.cache/kagglehub/datasets/mariaherrerot/messidor2preprocess/versions/2/messidor-2/messidor-2/preprocess/20051214_51569_0100_PP.png
20051208_42546_0400_PP.png,2,0,1,/Users/sakshishetty/.cache/kagglehub/datasets/mariaherrerot/messidor2preprocess/versions/2/messidor-2/messidor-2/preprocess/20051208_42546_0400_PP.png
IM004764.JPG,0,0,1,/Users/sakshishetty/.cache/kagglehub/datasets/mariaherrerot/messidor2preprocess/versions/2/messidor-2/messidor-2/preprocess/IM004764.JPG
IM004262.JPG,0,0,1,/Users/sakshishetty/.cache/kagglehub/datasets/mariaherrerot/messidor2preprocess/versions/2/messidor-2/messidor-2/preprocess/IM004262.JPG
IM000197.JPG,0,0,1,/Users/sakshishetty/.cache/kagglehub/datasets/mariaherrerot/messidor2preprocess/versions/2/messidor-2/messidor-2/preprocess/IM000197.JPG
IM001231.JPG,2,0,1,/Users/sakshishetty/.cache/kagglehub/datasets/mariaherrerot/messidor2preprocess/versions/2/messidor-2/messidor-2/preprocess/IM001231.JPG
20051020_53062_0100_PP.png,3,1,1,/Users/sakshishetty/.cache/kagglehub/datasets/mariaherrerot/messidor2preprocess/versions/2/messidor-2/messidor-2/preprocess/20051020_53062_0100_PP.png
20051205_33012_0400_PP.png,2,0,1,/Users/sakshishetty/.cache/kagglehub/datasets/mariaherrerot/messidor2preprocess/versions/2/messidor-2/messidor-2/preprocess/20051205_33012_0400_PP.png
20060523_48572_0100_PP.png,2,1,1,/Users/sakshishetty/.cache/kagglehub/datasets/mariaherrerot/messidor2preprocess/versions/2/messidor-2/messidor-2/preprocess/20060523_48572_0100_PP.png
20051205_59715_0400_PP.png,1,0,1,/Users/sakshishetty/.cache/kagglehub/datasets/mariaherrerot/messidor2preprocess/versions/2/messidor-2/messidor-2/preprocess/20051205_59715_0400_PP.png
20051110_38352_0400_PP.png,0,0,1,/Users/sakshishetty/.cache/kagglehub/datasets/mariaherrerot/messidor2preprocess/versions/2/messidor-2/messidor-2/preprocess/20051110_38352_0400_PP.png
20051109_57843_0400_PP.png,0,0,1,/Users/sakshishetty/.cache/kagglehub/datasets/mariaherrerot/messidor2preprocess/versions/2/messidor-2/messidor-2/preprocess/20051109_57843_0400_PP.png
20060523_48591_0100_PP.png,0,0,1,/Users/sakshishetty/.cache/kagglehub/datasets/mariaherrerot/messidor2preprocess/versions/2/messidor-2/messidor-2/preprocess/20060523_48591_0100_PP.png
20051020_54209_0100_PP.png,3,1,1,/Users/sakshishetty/.cache/kagglehub/datasets/mariaherrerot/messidor2preprocess/versions/2/messidor-2/messidor-2/preprocess/20051020_54209_0100_PP.png
IM003161.JPG,0,0,1,/Users/sakshishetty/.cache/kagglehub/datasets/mariaherrerot/messidor2preprocess/versions/2/messidor-2/messidor-2/preprocess/IM003161.JPG
20060407_39567_0200_PP.png,0,0,1,/Users/sakshishetty/.cache/kagglehub/datasets/mariaherrerot/messidor2preprocess/versions/2/messidor-2/messidor-2/preprocess/20060407_39567_0200_PP.png
IM000805.JPG,0,0,1,/Users/sakshishetty/.cache/kagglehub/datasets/mariaherrerot/messidor2preprocess/versions/2/messidor-2/messidor-2/preprocess/IM000805.JPG
20060407_42290_0200_PP.png,0,0,1,/Users/sakshishetty/.cache/kagglehub/datasets/mariaherrerot/messidor2preprocess/versions/2/messidor-2/messidor-2/preprocess/20060407_42290_0200_PP.png
20051205_58060_0400_PP.png,0,0,1,/Users/sakshishetty/.cache/kagglehub/datasets/mariaherrerot/messidor2preprocess/versions/2/messidor-2/messidor-2/preprocess/20051205_58060_0400_PP.png
IM004607.JPG,0,0,1,/Users/sakshishetty/.cache/kagglehub/datasets/mariaherrerot/messidor2preprocess/versions/2/messidor-2/messidor-2/preprocess/IM004607.JPG
IM000480.JPG,0,0,1,/Users/sakshishetty/.cache/kagglehub/datasets/mariaherrerot/messidor2preprocess/versions/2/messidor-2/messidor-2/preprocess/IM000480.JPG
20051214_51469_0100_PP.png,0,0,1,/Users/sakshishetty/.cache/kagglehub/datasets/mariaherrerot/messidor2preprocess/versions/2/messidor-2/messidor-2/preprocess/20051214_51469_0100_PP.png
20051020_57157_0100_PP.png,0,0,1,/Users/sakshishetty/.cache/kagglehub/datasets/mariaherrerot/messidor2preprocess/versions/2/messidor-2/messidor-2/preprocess/20051020_57157_0100_PP.png
20051214_56392_0100_PP.png,0,0,1,/Users/sakshishetty/.cache/kagglehub/datasets/mariaherrerot/messidor2preprocess/versions/2/messidor-2/messidor-2/preprocess/20051214_56392_0100_PP.png
20060530_53455_0100_PP.png,2,1,1,/Users/sakshishetty/.cache/kagglehub/datasets/mariaherrerot/messidor2preprocess/versions/2/messidor-2/messidor-2/preprocess/20060530_53455_0100_PP.png
20060530_51254_0100_PP.png,0,0,1,/Users/sakshishetty/.cache/kagglehub/datasets/mariaherrerot/messidor2preprocess/versions/2/messidor-2/messidor-2/preprocess/20060530_51254_0100_PP.png
20051202_55742_0400_PP.png,2,0,1,/Users/sakshishetty/.cache/kagglehub/datasets/mariaherrerot/messidor2preprocess/versions/2/messidor-2/messidor-2/preprocess/20051202_55742_0400_PP.png
20051021_51804_0100_PP.png,3,0,1,/Users/sakshishetty/.cache/kagglehub/datasets/mariaherrerot/messidor2preprocess/versions/2/messidor-2/messidor-2/preprocess/20051021_51804_0100_PP.png
20060411_62142_0200_PP.png,1,0,1,/Users/sakshishetty/.cache/kagglehub/datasets/mariaherrerot/messidor2preprocess/versions/2/messidor-2/messidor-2/preprocess/20060411_62142_0200_PP.png
20051130_60715_0400_PP.png,0,0,1,/Users/sakshishetty/.cache/kagglehub/datasets/mariaherrerot/messidor2preprocess/versions/2/messidor-2/messidor-2/preprocess/20051130_60715_0400_PP.png
20060410_39726_0200_PP.png,1,0,1,/Users/sakshishetty/.cache/kagglehub/datasets/mariaherrerot/messidor2preprocess/versions/2/messidor-2/messidor-2/preprocess/20060410_39726_0200_PP.png
IM002269.JPG,3,1,1,/Users/sakshishetty/.cache/kagglehub/datasets/mariaherrerot/messidor2preprocess/versions/2/messidor-2/messidor-2/preprocess/IM002269.JPG
20060530_55628_0100_PP.png,1,0,1,/Users/sakshishetty/.cache/kagglehub/datasets/mariaherrerot/messidor2preprocess/versions/2/messidor-2/messidor-2/preprocess/20060530_55628_0100_PP.png
20060407_45932_0200_PP.png,1,0,1,/Users/sakshishetty/.cache/kagglehub/datasets/mariaherrerot/messidor2preprocess/versions/2/messidor-2/messidor-2/preprocess/20060407_45932_0200_PP.png
IM000056.JPG,0,0,1,/Users/sakshishetty/.cache/kagglehub/datasets/mariaherrerot/messidor2preprocess/versions/2/messidor-2/messidor-2/preprocess/IM000056.JPG
20051214_51342_0100_PP.png,0,0,1,/Users/sakshishetty/.cache/kagglehub/datasets/mariaherrerot/messidor2preprocess/versions/2/messidor-2/messidor-2/preprocess/20051214_51342_0100_PP.png
IM003324.JPG,0,0,1,/Users/sakshishetty/.cache/kagglehub/datasets/mariaherrerot/messidor2preprocess/versions/2/messidor-2/messidor-2/preprocess/IM003324.JPG
20060412_52351_0200_PP.png,0,0,1,/Users/sakshishetty/.cache/kagglehub/datasets/mariaherrerot/messidor2preprocess/versions/2/messidor-2/messidor-2/preprocess/20060412_52351_0200_PP.png
IM004570.JPG,0,0,1,/Users/sakshishetty/.cache/kagglehub/datasets/mariaherrerot/messidor2preprocess/versions/2/messidor-2/messidor-2/preprocess/IM004570.JPG
IM004270.JPG,0,0,1,/Users/sakshishetty/.cache/kagglehub/datasets/mariaherrerot/messidor2preprocess/versions/2/messidor-2/messidor-2/preprocess/IM004270.JPG
20060412_61151_0200_PP.png,2,0,1,/Users/sakshishetty/.cache/kagglehub/datasets/mariaherrerot/messidor2preprocess/versions/2/messidor-2/messidor-2/preprocess/20060412_61151_0200_PP.png
20051021_51418_0100_PP.png,0,0,1,/Users/sakshishetty/.cache/kagglehub/datasets/mariaherrerot/messidor2preprocess/versions/2/messidor-2/messidor-2/preprocess/20051021_51418_0100_PP.png
20060407_44636_0200_PP.png,2,1,1,/Users/sakshishetty/.cache/kagglehub/datasets/mariaherrerot/messidor2preprocess/versions/2/messidor-2/messidor-2/preprocess/20060407_44636_0200_PP.png
IM002070.JPG,0,0,1,/Users/sakshishetty/.cache/kagglehub/datasets/mariaherrerot/messidor2preprocess/versions/2/messidor-2/messidor-2/preprocess/IM002070.JPG
20060529_57351_0100_PP.png,0,0,1,/Users/sakshishetty/.cache/kagglehub/datasets/mariaherrerot/messidor2preprocess/versions/2/messidor-2/messidor-2/preprocess/20060529_57351_0100_PP.png
20060412_59636_0200_PP.png,1,0,1,/Users/sakshishetty/.cache/kagglehub/datasets/mariaherrerot/messidor2preprocess/versions/2/messidor-2/messidor-2/preprocess/20060412_59636_0200_PP.png
IM000515.JPG,0,0,1,/Users/sakshishetty/.cache/kagglehub/datasets/mariaherrerot/messidor2preprocess/versions/2/messidor-2/messidor-2/preprocess/IM000515.JPG
IM000378.JPG,0,0,1,/Users/sakshishetty/.cache/kagglehub/datasets/mariaherrerot/messidor2preprocess/versions/2/messidor-2/messidor-2/preprocess/IM000378.JPG
20060412_52777_0200_PP.png,2,0,1,/Users/sakshishetty/.cache/kagglehub/datasets/mariaherrerot/messidor2preprocess/versions/2/messidor-2/messidor-2/preprocess/20060412_52777_0200_PP.png
IM001832.JPG,0,0,1,/Users/sakshishetty/.cache/kagglehub/datasets/mariaherrerot/messidor2preprocess/versions/2/messidor-2/messidor-2/preprocess/IM001832.JPG
IM003108.JPG,0,0,1,/Users/sakshishetty/.cache/kagglehub/datasets/mariaherrerot/messidor2preprocess/versions/2/messidor-2/messidor-2/preprocess/IM003108.JPG
20060410_39994_0200_PP.png,0,0,1,/Users/sakshishetty/.cache/kagglehub/datasets/mariaherrerot/messidor2preprocess/versions/2/messidor-2/messidor-2/preprocess/20060410_39994_0200_PP.png
IM000851.JPG,0,0,1,/Users/sakshishetty/.cache/kagglehub/datasets/mariaherrerot/messidor2preprocess/versions/2/messidor-2/messidor-2/preprocess/IM000851.JPG
20051202_55484_0400_PP.png,1,0,1,/Users/sakshishetty/.cache/kagglehub/datasets/mariaherrerot/messidor2preprocess/versions/2/messidor-2/messidor-2/preprocess/20051202_55484_0400_PP.png
20060411_58392_0200_PP.png,0,0,1,/Users/sakshishetty/.cache/kagglehub/datasets/mariaherrerot/messidor2preprocess/versions/2/messidor-2/messidor-2/preprocess/20060411_58392_0200_PP.png
IM000349.JPG,0,0,1,/Users/sakshishetty/.cache/kagglehub/datasets/mariaherrerot/messidor2preprocess/versions/2/messidor-2/messidor-2/preprocess/IM000349.JPG
IM003719.JPG,0,0,1,/Users/sakshishetty/.cache/kagglehub/datasets/mariaherrerot/messidor2preprocess/versions/2/messidor-2/messidor-2/preprocess/IM003719.JPG
20051116_54825_0400_PP.png,2,0,1,/Users/sakshishetty/.cache/kagglehub/datasets/mariaherrerot/messidor2preprocess/versions/2/messidor-2/messidor-2/preprocess/20051116_54825_0400_PP.png
20060411_60446_0200_PP.png,1,0,1,/Users/sakshishetty/.cache/kagglehub/datasets/mariaherrerot/messidor2preprocess/versions/2/messidor-2/messidor-2/preprocess/20060411_60446_0200_PP.png
20060412_52587_0200_PP.png,1,0,1,/Users/sakshishetty/.cache/kagglehub/datasets/mariaherrerot/messidor2preprocess/versions/2/messidor-2/messidor-2/preprocess/20060412_52587_0200_PP.png
IM003431.JPG,2,0,1,/Users/sakshishetty/.cache/kagglehub/datasets/mariaherrerot/messidor2preprocess/versions/2/messidor-2/messidor-2/preprocess/IM003431.JPG
20051130_54301_0400_PP.png,0,0,1,/Users/sakshishetty/.cache/kagglehub/datasets/mariaherrerot/messidor2preprocess/versions/2/messidor-2/messidor-2/preprocess/20051130_54301_0400_PP.png
20051205_58091_0400_PP.png,0,0,1,/Users/sakshishetty/.cache/kagglehub/datasets/mariaherrerot/messidor2preprocess/versions/2/messidor-2/messidor-2/preprocess/20051205_58091_0400_PP.png
20051116_43954_0400_PP.png,1,0,1,/Users/sakshishetty/.cache/kagglehub/datasets/mariaherrerot/messidor2preprocess/versions/2/messidor-2/messidor-2/preprocess/20051116_43954_0400_PP.png
IM000312.JPG,0,0,1,/Users/sakshishetty/.cache/kagglehub/datasets/mariaherrerot/messidor2preprocess/versions/2/messidor-2/messidor-2/preprocess/IM000312.JPG
20051021_39914_0100_PP.png,0,0,1,/Users/sakshishetty/.cache/kagglehub/datasets/mariaherrerot/messidor2preprocess/versions/2/messidor-2/messidor-2/preprocess/20051021_39914_0100_PP.png
20051130_59964_0400_PP.png,0,0,1,/Users/sakshishetty/.cache/kagglehub/datasets/mariaherrerot/messidor2preprocess/versions/2/messidor-2/messidor-2/preprocess/20051130_59964_0400_PP.png
20060411_58736_0200_PP.png,1,0,1,/Users/sakshishetty/.cache/kagglehub/datasets/mariaherrerot/messidor2preprocess/versions/2/messidor-2/messidor-2/preprocess/20060411_58736_0200_PP.png
20051130_54476_0400_PP.png,0,0,1,/Users/sakshishetty/.cache/kagglehub/datasets/mariaherrerot/messidor2preprocess/versions/2/messidor-2/messidor-2/preprocess/20051130_54476_0400_PP.png
IM002938.JPG,2,0,1,/Users/sakshishetty/.cache/kagglehub/datasets/mariaherrerot/messidor2preprocess/versions/2/messidor-2/messidor-2/preprocess/IM002938.JPG
20060411_51985_0200_PP.png,2,0,1,/Users/sakshishetty/.cache/kagglehub/datasets/mariaherrerot/messidor2preprocess/versions/2/messidor-2/messidor-2/preprocess/20060411_51985_0200_PP.png
IM003894.JPG,0,0,1,/Users/sakshishetty/.cache/kagglehub/datasets/mariaherrerot/messidor2preprocess/versions/2/messidor-2/messidor-2/preprocess/IM003894.JPG
20060410_44802_0200_PP.png,0,0,1,/Users/sakshishetty/.cache/kagglehub/datasets/mariaherrerot/messidor2preprocess/versions/2/messidor-2/messidor-2/preprocess/20060410_44802_0200_PP.png
20060410_44601_0200_PP.png,0,0,1,/Users/sakshishetty/.cache/kagglehub/datasets/mariaherrerot/messidor2preprocess/versions/2/messidor-2/messidor-2/preprocess/20060410_44601_0200_PP.png
20060410_40499_0200_PP.png,0,0,1,/Users/sakshishetty/.cache/kagglehub/datasets/mariaherrerot/messidor2preprocess/versions/2/messidor-2/messidor-2/preprocess/20060410_40499_0200_PP.png
IM000896.JPG,2,0,1,/Users/sakshishetty/.cache/kagglehub/datasets/mariaherrerot/messidor2preprocess/versions/2/messidor-2/messidor-2/preprocess/IM000896.JPG
20051130_54943_0400_PP.png,0,0,1,/Users/sakshishetty/.cache/kagglehub/datasets/mariaherrerot/messidor2preprocess/versions/2/messidor-2/messidor-2/preprocess/20051130_54943_0400_PP.png
20051216_45499_0200_PP.png,0,0,1,/Users/sakshishetty/.cache/kagglehub/datasets/mariaherrerot/messidor2preprocess/versions/2/messidor-2/messidor-2/preprocess/20051216_45499_0200_PP.png
20060523_49859_0100_PP.png,2,0,1,/Users/sakshishetty/.cache/kagglehub/datasets/mariaherrerot/messidor2preprocess/versions/2/messidor-2/messidor-2/preprocess/20060523_49859_0100_PP.png
20060411_61687_0200_PP.png,0,0,1,/Users/sakshishetty/.cache/kagglehub/datasets/mariaherrerot/messidor2preprocess/versions/2/messidor-2/messidor-2/preprocess/20060411_61687_0200_PP.png
20051130_54257_0400_PP.png,0,0,1,/Users/sakshishetty/.cache/kagglehub/datasets/mariaherrerot/messidor2preprocess/versions/2/messidor-2/messidor-2/preprocess/20051130_54257_0400_PP.png
20051213_62572_0100_PP.png,0,0,1,/Users/sakshishetty/.cache/kagglehub/datasets/mariaherrerot/messidor2preprocess/versions/2/messidor-2/messidor-2/preprocess/20051213_62572_0100_PP.png
20051216_43814_0200_PP.png,1,0,1,/Users/sakshishetty/.cache/kagglehub/datasets/mariaherrerot/messidor2preprocess/versions/2/messidor-2/messidor-2/preprocess/20051216_43814_0200_PP.png
20051020_62014_0100_PP.png,2,1,1,/Users/sakshishetty/.cache/kagglehub/datasets/mariaherrerot/messidor2preprocess/versions/2/messidor-2/messidor-2/preprocess/20051020_62014_0100_PP.png
IM000326.JPG,0,0,1,/Users/sakshishetty/.cache/kagglehub/datasets/mariaherrerot/messidor2preprocess/versions/2/messidor-2/messidor-2/preprocess/IM000326.JPG
20060523_48499_0100_PP.png,3,0,1,/Users/sakshishetty/.cache/kagglehub/datasets/mariaherrerot/messidor2preprocess/versions/2/messidor-2/messidor-2/preprocess/20060523_48499_0100_PP.png
20051020_45110_0100_PP.png,4,1,1,/Users/sakshishetty/.cache/kagglehub/datasets/mariaherrerot/messidor2preprocess/versions/2/messidor-2/messidor-2/preprocess/20051020_45110_0100_PP.png
20051130_55311_0400_PP.png,0,0,1,/Users/sakshishetty/.cache/kagglehub/datasets/mariaherrerot/messidor2preprocess/versions/2/messidor-2/messidor-2/preprocess/20051130_55311_0400_PP.png
20060530_53132_0100_PP.png,0,0,1,/Users/sakshishetty/.cache/kagglehub/datasets/mariaherrerot/messidor2preprocess/versions/2/messidor-2/messidor-2/preprocess/20060530_53132_0100_PP.png
IM001468.JPG,0,0,1,/Users/sakshishetty/.cache/kagglehub/datasets/mariaherrerot/messidor2preprocess/versions/2/messidor-2/messidor-2/preprocess/IM001468.JPG
20051214_56778_0100_PP.png,3,1,1,/Users/sakshishetty/.cache/kagglehub/datasets/mariaherrerot/messidor2preprocess/versions/2/messidor-2/messidor-2/preprocess/20051214_56778_0100_PP.png
IM004312.JPG,0,0,1,/Users/sakshishetty/.cache/kagglehub/datasets/mariaherrerot/messidor2preprocess/versions/2/messidor-2/messidor-2/preprocess/IM004312.JPG
IM004343.JPG,0,0,1,/Users/sakshishetty/.cache/kagglehub/datasets/mariaherrerot/messidor2preprocess/versions/2/messidor-2/messidor-2/preprocess/IM004343.JPG
IM001867.JPG,2,0,1,/Users/sakshishetty/.cache/kagglehub/datasets/mariaherrerot/messidor2preprocess/versions/2/messidor-2/messidor-2/preprocess/IM001867.JPG
20060410_39075_0200_PP.png,0,0,1,/Users/sakshishetty/.cache/kagglehub/datasets/mariaherrerot/messidor2preprocess/versions/2/messidor-2/messidor-2/preprocess/20060410_39075_0200_PP.png
20051207_62320_0400_PP.png,1,0,1,/Users/sakshishetty/.cache/kagglehub/datasets/mariaherrerot/messidor2preprocess/versions/2/messidor-2/messidor-2/preprocess/20051207_62320_0400_PP.png
20060412_61433_0200_PP.png,0,0,1,/Users/sakshishetty/.cache/kagglehub/datasets/mariaherrerot/messidor2preprocess/versions/2/messidor-2/messidor-2/preprocess/20060412_61433_0200_PP.png
20060529_56563_0100_PP.png,0,0,1,/Users/sakshishetty/.cache/kagglehub/datasets/mariaherrerot/messidor2preprocess/versions/2/messidor-2/messidor-2/preprocess/20060529_56563_0100_PP.png
IM001245.JPG,2,0,1,/Users/sakshishetty/.cache/kagglehub/datasets/mariaherrerot/messidor2preprocess/versions/2/messidor-2/messidor-2/preprocess/IM001245.JPG
IM001096.JPG,0,0,1,/Users/sakshishetty/.cache/kagglehub/datasets/mariaherrerot/messidor2preprocess/versions/2/messidor-2/messidor-2/preprocess/IM001096.JPG
IM003950.JPG,0,0,1,/Users/sakshishetty/.cache/kagglehub/datasets/mariaherrerot/messidor2preprocess/versions/2/messidor-2/messidor-2/preprocess/IM003950.JPG
20060410_39976_0200_PP.png,1,0,1,/Users/sakshishetty/.cache/kagglehub/datasets/mariaherrerot/messidor2preprocess/versions/2/messidor-2/messidor-2/preprocess/20060410_39976_0200_PP.png
20060522_45853_0100_PP.png,0,0,1,/Users/sakshishetty/.cache/kagglehub/datasets/mariaherrerot/messidor2preprocess/versions/2/messidor-2/messidor-2/preprocess/20060522_45853_0100_PP.png
IM000501.JPG,0,0,1,/Users/sakshishetty/.cache/kagglehub/datasets/mariaherrerot/messidor2preprocess/versions/2/messidor-2/messidor-2/preprocess/IM000501.JPG
20060411_58328_0200_PP.png,2,0,1,/Users/sakshishetty/.cache/kagglehub/datasets/mariaherrerot/messidor2preprocess/versions/2/messidor-2/messidor-2/preprocess/20060411_58328_0200_PP.png
IM003746.JPG,0,0,1,/Users/sakshishetty/.cache/kagglehub/datasets/mariaherrerot/messidor2preprocess/versions/2/messidor-2/messidor-2/preprocess/IM003746.JPG
20060412_58889_0200_PP.png,2,0,1,/Users/sakshishetty/.cache/kagglehub/datasets/mariaherrerot/messidor2preprocess/versions/2/messidor-2/messidor-2/preprocess/20060412_58889_0200_PP.png
IM000327.JPG,0,0,1,/Users/sakshishetty/.cache/kagglehub/datasets/mariaherrerot/messidor2preprocess/versions/2/messidor-2/messidor-2/preprocess/IM000327.JPG
20060522_45248_0100_PP.png,2,1,1,/Users/sakshishetty/.cache/kagglehub/datasets/mariaherrerot/messidor2preprocess/versions/2/messidor-2/messidor-2/preprocess/20060522_45248_0100_PP.png
20060410_44623_0200_PP.png,1,0,1,/Users/sakshishetty/.cache/kagglehub/datasets/mariaherrerot/messidor2preprocess/versions/2/messidor-2/messidor-2/preprocess/20060410_44623_0200_PP.png
IM002635.JPG,4,0,1,/Users/sakshishetty/.cache/kagglehub/datasets/mariaherrerot/messidor2preprocess/versions/2/messidor-2/messidor-2/preprocess/IM002635.JPG
20060523_45662_0100_PP.png,2,1,1,/Users/sakshishetty/.cache/kagglehub/datasets/mariaherrerot/messidor2preprocess/versions/2/messidor-2/messidor-2/preprocess/20060523_45662_0100_PP.png
20060530_55837_0100_PP.png,2,1,1,/Users/sakshishetty/.cache/kagglehub/datasets/mariaherrerot/messidor2preprocess/versions/2/messidor-2/messidor-2/preprocess/20060530_55837_0100_PP.png
20051130_59775_0400_PP.png,0,0,1,/Users/sakshishetty/.cache/kagglehub/datasets/mariaherrerot/messidor2preprocess/versions/2/messidor-2/messidor-2/preprocess/20051130_59775_0400_PP.png
20060530_54332_0100_PP.png,2,1,1,/Users/sakshishetty/.cache/kagglehub/datasets/mariaherrerot/messidor2preprocess/versions/2/messidor-2/messidor-2/preprocess/20060530_54332_0100_PP.png
20060411_61952_0200_PP.png,1,0,1,/Users/sakshishetty/.cache/kagglehub/datasets/mariaherrerot/messidor2preprocess/versions/2/messidor-2/messidor-2/preprocess/20060411_61952_0200_PP.png
20051205_58177_0400_PP.png,0,0,1,/Users/sakshishetty/.cache/kagglehub/datasets/mariaherrerot/messidor2preprocess/versions/2/messidor-2/messidor-2/preprocess/20051205_58177_0400_PP.png
20051110_34013_0400_PP.png,0,0,1,/Users/sakshishetty/.cache/kagglehub/datasets/mariaherrerot/messidor2preprocess/versions/2/messidor-2/messidor-2/preprocess/20051110_34013_0400_PP.png
IM000406.JPG,1,0,1,/Users/sakshishetty/.cache/kagglehub/datasets/mariaherrerot/messidor2preprocess/versions/2/messidor-2/messidor-2/preprocess/IM000406.JPG
IM000313.JPG,0,0,1,/Users/sakshishetty/.cache/kagglehub/datasets/mariaherrerot/messidor2preprocess/versions/2/messidor-2/messidor-2/preprocess/IM000313.JPG
20051110_35239_0400_PP.png,0,0,1,/Users/sakshishetty/.cache/kagglehub/datasets/mariaherrerot/messidor2preprocess/versions/2/messidor-2/messidor-2/preprocess/20051110_35239_0400_PP.png
IM004162.JPG,0,0,1,/Users/sakshishetty/.cache/kagglehub/datasets/mariaherrerot/messidor2preprocess/versions/2/messidor-2/messidor-2/preprocess/IM004162.JPG
IM003520.JPG,0,0,1,/Users/sakshishetty/.cache/kagglehub/datasets/mariaherrerot/messidor2preprocess/versions/2/messidor-2/messidor-2/preprocess/IM003520.JPG
IM000198.JPG,0,0,1,/Users/sakshishetty/.cache/kagglehub/datasets/mariaherrerot/messidor2preprocess/versions/2/messidor-2/messidor-2/preprocess/IM000198.JPG
20051130_59869_0400_PP.png,0,0,1,/Users/sakshishetty/.cache/kagglehub/datasets/mariaherrerot/messidor2preprocess/versions/2/messidor-2/messidor-2/preprocess/20051130_59869_0400_PP.png
20060412_60825_0200_PP.png,1,0,1,/Users/sakshishetty/.cache/kagglehub/datasets/mariaherrerot/messidor2preprocess/versions/2/messidor-2/messidor-2/preprocess/20060412_60825_0200_PP.png
20060529_56420_0100_PP.png,0,0,1,/Users/sakshishetty/.cache/kagglehub/datasets/mariaherrerot/messidor2preprocess/versions/2/messidor-2/messidor-2/preprocess/20060529_56420_0100_PP.png
IM003264.JPG,0,0,1,/Users/sakshishetty/.cache/kagglehub/datasets/mariaherrerot/messidor2preprocess/versions/2/messidor-2/messidor-2/preprocess/IM003264.JPG
IM004638.JPG,0,0,1,/Users/sakshishetty/.cache/kagglehub/datasets/mariaherrerot/messidor2preprocess/versions/2/messidor-2/messidor-2/preprocess/IM004638.JPG
20060411_58238_0200_PP.png,2,0,1,/Users/sakshishetty/.cache/kagglehub/datasets/mariaherrerot/messidor2preprocess/versions/2/messidor-2/messidor-2/preprocess/20060411_58238_0200_PP.png
20060410_39047_0200_PP.png,0,0,1,/Users/sakshishetty/.cache/kagglehub/datasets/mariaherrerot/messidor2preprocess/versions/2/messidor-2/messidor-2/preprocess/20060410_39047_0200_PP.png
IM002522.JPG,2,0,1,/Users/sakshishetty/.cache/kagglehub/datasets/mariaherrerot/messidor2preprocess/versions/2/messidor-2/messidor-2/preprocess/IM002522.JPG
20051130_58921_0400_PP.png,1,0,1,/Users/sakshishetty/.cache/kagglehub/datasets/mariaherrerot/messidor2preprocess/versions/2/messidor-2/messidor-2/preprocess/20051130_58921_0400_PP.png
20060523_50003_0100_PP.png,3,0,1,/Users/sakshishetty/.cache/kagglehub/datasets/mariaherrerot/messidor2preprocess/versions/2/messidor-2/messidor-2/preprocess/20060523_50003_0100_PP.png
20060410_40633_0200_PP.png,0,0,1,/Users/sakshishetty/.cache/kagglehub/datasets/mariaherrerot/messidor2preprocess/versions/2/messidor-2/messidor-2/preprocess/20060410_40633_0200_PP.png
IM000350.JPG,0,0,1,/Users/sakshishetty/.cache/kagglehub/datasets/mariaherrerot/messidor2preprocess/versions/2/messidor-2/messidor-2/preprocess/IM000350.JPG
20060411_61808_0200_PP.png,2,0,1,/Users/sakshishetty/.cache/kagglehub/datasets/mariaherrerot/messidor2preprocess/versions/2/messidor-2/messidor-2/preprocess/20060411_61808_0200_PP.png
IM002449.JPG,0,0,1,/Users/sakshishetty/.cache/kagglehub/datasets/mariaherrerot/messidor2preprocess/versions/2/messidor-2/messidor-2/preprocess/IM002449.JPG
20060523_49791_0100_PP.png,2,1,1,/Users/sakshishetty/.cache/kagglehub/datasets/mariaherrerot/messidor2preprocess/versions/2/messidor-2/messidor-2/preprocess/20060523_49791_0100_PP.png
IM002222.JPG,0,0,1,/Users/sakshishetty/.cache/kagglehub/datasets/mariaherrerot/messidor2preprocess/versions/2/messidor-2/messidor-2/preprocess/IM002222.JPG
20051214_51211_0100_PP.png,0,0,1,/Users/sakshishetty/.cache/kagglehub/datasets/mariaherrerot/messidor2preprocess/versions/2/messidor-2/messidor-2/preprocess/20051214_51211_0100_PP.png
20060410_40953_0200_PP.png,0,0,1,/Users/sakshishetty/.cache/kagglehub/datasets/mariaherrerot/messidor2preprocess/versions/2/messidor-2/messidor-2/preprocess/20060410_40953_0200_PP.png
IM000379.JPG,0,0,1,/Users/sakshishetty/.cache/kagglehub/datasets/mariaherrerot/messidor2preprocess/versions/2/messidor-2/messidor-2/preprocess/IM000379.JPG
IM004269.JPG,0,0,1,/Users/sakshishetty/.cache/kagglehub/datasets/mariaherrerot/messidor2preprocess/versions/2/messidor-2/messidor-2/preprocess/IM004269.JPG
20060523_49288_0100_PP.png,1,0,1,/Users/sakshishetty/.cache/kagglehub/datasets/mariaherrerot/messidor2preprocess/versions/2/messidor-2/messidor-2/preprocess/20060523_49288_0100_PP.png
20060412_58368_0200_PP.png,1,0,1,/Users/sakshishetty/.cache/kagglehub/datasets/mariaherrerot/messidor2preprocess/versions/2/messidor-2/messidor-2/preprocess/20060412_58368_0200_PP.png
IM000114.JPG,0,0,1,/Users/sakshishetty/.cache/kagglehub/datasets/mariaherrerot/messidor2preprocess/versions/2/messidor-2/messidor-2/preprocess/IM000114.JPG
20060410_43979_0200_PP.png,0,0,1,/Users/sakshishetty/.cache/kagglehub/datasets/mariaherrerot/messidor2preprocess/versions/2/messidor-2/messidor-2/preprocess/20060410_43979_0200_PP.png
20060522_45777_0100_PP.png,0,0,1,/Users/sakshishetty/.cache/kagglehub/datasets/mariaherrerot/messidor2preprocess/versions/2/messidor-2/messidor-2/preprocess/20060522_45777_0100_PP.png
20060411_61196_0200_PP.png,2,1,1,/Users/sakshishetty/.cache/kagglehub/datasets/mariaherrerot/messidor2preprocess/versions/2/messidor-2/messidor-2/preprocess/20060411_61196_0200_PP.png
20051130_60794_0400_PP.png,0,0,1,/Users/sakshishetty/.cache/kagglehub/datasets/mariaherrerot/messidor2preprocess/versions/2/messidor-2/messidor-2/preprocess/20051130_60794_0400_PP.png
IM003265.JPG,0,0,1,/Users/sakshishetty/.cache/kagglehub/datasets/mariaherrerot/messidor2preprocess/versions/2/messidor-2/messidor-2/preprocess/IM003265.JPG
20060412_52174_0200_PP.png,2,0,1,/Users/sakshishetty/.cache/kagglehub/datasets/mariaherrerot/messidor2preprocess/versions/2/messidor-2/messidor-2/preprocess/20060412_52174_0200_PP.png
20051202_56000_0400_PP.png,2,0,1,/Users/sakshishetty/.cache/kagglehub/datasets/mariaherrerot/messidor2preprocess/versions/2/messidor-2/messidor-2/preprocess/20051202_56000_0400_PP.png
20060410_41356_0200_PP.png,1,0,1,/Users/sakshishetty/.cache/kagglehub/datasets/mariaherrerot/messidor2preprocess/versions/2/messidor-2/messidor-2/preprocess/20060410_41356_0200_PP.png
IM001160.JPG,0,0,1,/Users/sakshishetty/.cache/kagglehub/datasets/mariaherrerot/messidor2preprocess/versions/2/messidor-2/messidor-2/preprocess/IM001160.JPG
IM000827.JPG,0,0,1,/Users/sakshishetty/.cache/kagglehub/datasets/mariaherrerot/messidor2preprocess/versions/2/messidor-2/messidor-2/preprocess/IM000827.JPG
20051214_52204_0100_PP.png,3,0,1,/Users/sakshishetty/.cache/kagglehub/datasets/mariaherrerot/messidor2preprocess/versions/2/messidor-2/messidor-2/preprocess/20051214_52204_0100_PP.png
IM002335.JPG,0,0,1,/Users/sakshishetty/.cache/kagglehub/datasets/mariaherrerot/messidor2preprocess/versions/2/messidor-2/messidor-2/preprocess/IM002335.JPG
20051205_58125_0400_PP.png,0,0,1,/Users/sakshishetty/.cache/kagglehub/datasets/mariaherrerot/messidor2preprocess/versions/2/messidor-2/messidor-2/preprocess/20051205_58125_0400_PP.png
IM003687.JPG,2,0,1,/Users/sakshishetty/.cache/kagglehub/datasets/mariaherrerot/messidor2preprocess/versions/2/messidor-2/messidor-2/preprocess/IM003687.JPG
IM003925.JPG,0,0,1,/Users/sakshishetty/.cache/kagglehub/datasets/mariaherrerot/messidor2preprocess/versions/2/messidor-2/messidor-2/preprocess/IM003925.JPG
IM002584.JPG,1,0,1,/Users/sakshishetty/.cache/kagglehub/datasets/mariaherrerot/messidor2preprocess/versions/2/messidor-2/messidor-2/preprocess/IM002584.JPG
20051213_61892_0100_PP.png,0,0,1,/Users/sakshishetty/.cache/kagglehub/datasets/mariaherrerot/messidor2preprocess/versions/2/messidor-2/messidor-2/preprocess/20051213_61892_0100_PP.png
20051214_40361_0100_PP.png,1,0,1,/Users/sakshishetty/.cache/kagglehub/datasets/mariaherrerot/messidor2preprocess/versions/2/messidor-2/messidor-2/preprocess/20051214_40361_0100_PP.png
20060407_44173_0200_PP.png,1,0,1,/Users/sakshishetty/.cache/kagglehub/datasets/mariaherrerot/messidor2preprocess/versions/2/messidor-2/messidor-2/preprocess/20060407_44173_0200_PP.png
20051021_39314_0100_PP.png,2,1,1,/Users/sakshishetty/.cache/kagglehub/datasets/mariaherrerot/messidor2preprocess/versions/2/messidor-2/messidor-2/preprocess/20051021_39314_0100_PP.png
IM003695.JPG,0,0,1,/Users/sakshishetty/.cache/kagglehub/datasets/mariaherrerot/messidor2preprocess/versions/2/messidor-2/messidor-2/preprocess/IM003695.JPG
20060411_61702_0200_PP.png,0,0,1,/Users/sakshishetty/.cache/kagglehub/datasets/mariaherrerot/messidor2preprocess/versions/2/messidor-2/messidor-2/preprocess/20060411_61702_0200_PP.png
20051020_62577_0100_PP.png,0,0,1,/Users/sakshishetty/.cache/kagglehub/datasets/mariaherrerot/messidor2preprocess/versions/2/messidor-2/messidor-2/preprocess/20051020_62577_0100_PP.png
20051216_47536_0200_PP.png,0,0,1,/Users/sakshishetty/.cache/kagglehub/datasets/mariaherrerot/messidor2preprocess/versions/2/messidor-2/messidor-2/preprocess/20051216_47536_0200_PP.png
20060523_45787_0100_PP.png,2,0,1,/Users/sakshishetty/.cache/kagglehub/datasets/mariaherrerot/messidor2preprocess/versions/2/messidor-2/messidor-2/preprocess/20060523_45787_0100_PP.png
20060412_61790_0200_PP.png,0,0,1,/Users/sakshishetty/.cache/kagglehub/datasets/mariaherrerot/messidor2preprocess/versions/2/messidor-2/messidor-2/preprocess/20060412_61790_0200_PP.png
IM000248.JPG,2,0,1,/Users/sakshishetty/.cache/kagglehub/datasets/mariaherrerot/messidor2preprocess/versions/2/messidor-2/messidor-2/preprocess/IM000248.JPG
20051213_62518_0100_PP.png,0,0,1,/Users/sakshishetty/.cache/kagglehub/datasets/mariaherrerot/messidor2preprocess/versions/2/messidor-2/messidor-2/preprocess/20051213_62518_0100_PP.png
20060407_46235_0200_PP.png,0,0,1,/Users/sakshishetty/.cache/kagglehub/datasets/mariaherrerot/messidor2preprocess/versions/2/messidor-2/messidor-2/preprocess/20060407_46235_0200_PP.png
20051202_36970_0400_PP.png,1,0,1,/Users/sakshishetty/.cache/kagglehub/datasets/mariaherrerot/messidor2preprocess/versions/2/messidor-2/messidor-2/preprocess/20051202_36970_0400_PP.png
20051020_64836_0100_PP.png,0,0,1,/Users/sakshishetty/.cache/kagglehub/datasets/mariaherrerot/messidor2preprocess/versions/2/messidor-2/messidor-2/preprocess/20051020_64836_0100_PP.png
20051201_38262_0400_PP.png,0,0,1,/Users/sakshishetty/.cache/kagglehub/datasets/mariaherrerot/messidor2preprocess/versions/2/messidor-2/messidor-2/preprocess/20051201_38262_0400_PP.png
20051021_39661_0100_PP.png,2,0,1,/Users/sakshishetty/.cache/kagglehub/datasets/mariaherrerot/messidor2preprocess/versions/2/messidor-2/messidor-2/preprocess/20051021_39661_0100_PP.png
IM004424.JPG,0,0,1,/Users/sakshishetty/.cache/kagglehub/datasets/mariaherrerot/messidor2preprocess/versions/2/messidor-2/messidor-2/preprocess/IM004424.JPG
20060411_61624_0200_PP.png,3,1,1,/Users/sakshishetty/.cache/kagglehub/datasets/mariaherrerot/messidor2preprocess/versions/2/messidor-2/messidor-2/preprocess/20060411_61624_0200_PP.png
IM004392.JPG,0,0,1,/Users/sakshishetty/.cache/kagglehub/datasets/mariaherrerot/messidor2preprocess/versions/2/messidor-2/messidor-2/preprocess/IM004392.JPG
20060410_46874_0200_PP.png,1,0,1,/Users/sakshishetty/.cache/kagglehub/datasets/mariaherrerot/messidor2preprocess/versions/2/messidor-2/messidor-2/preprocess/20060410_46874_0200_PP.png
IM004471.JPG,0,0,1,/Users/sakshishetty/.cache/kagglehub/datasets/mariaherrerot/messidor2preprocess/versions/2/messidor-2/messidor-2/preprocess/IM004471.JPG
20051116_54642_0400_PP.png,1,0,1,/Users/sakshishetty/.cache/kagglehub/datasets/mariaherrerot/messidor2preprocess/versions/2/messidor-2/messidor-2/preprocess/20051116_54642_0400_PP.png
IM000205.JPG,0,0,1,/Users/sakshishetty/.cache/kagglehub/datasets/mariaherrerot/messidor2preprocess/versions/2/messidor-2/messidor-2/preprocess/IM000205.JPG
IM002997.JPG,0,0,1,/Users/sakshishetty/.cache/kagglehub/datasets/mariaherrerot/messidor2preprocess/versions/2/messidor-2/messidor-2/preprocess/IM002997.JPG
IM001253.JPG,2,0,1,/Users/sakshishetty/.cache/kagglehub/datasets/mariaherrerot/messidor2preprocess/versions/2/messidor-2/messidor-2/preprocess/IM001253.JPG
20060407_45230_0200_PP.png,0,0,1,/Users/sakshishetty/.cache/kagglehub/datasets/mariaherrerot/messidor2preprocess/versions/2/messidor-2/messidor-2/preprocess/20060407_45230_0200_PP.png
20060412_59012_0200_PP.png,1,0,1,/Users/sakshishetty/.cache/kagglehub/datasets/mariaherrerot/messidor2preprocess/versions/2/messidor-2/messidor-2/preprocess/20060412_59012_0200_PP.png
20051214_41949_0100_PP.png,2,0,1,/Users/sakshishetty/.cache/kagglehub/datasets/mariaherrerot/messidor2preprocess/versions/2/messidor-2/messidor-2/preprocess/20051214_41949_0100_PP.png
IM003856.JPG,0,0,1,/Users/sakshishetty/.cache/kagglehub/datasets/mariaherrerot/messidor2preprocess/versions/2/messidor-2/messidor-2/preprocess/IM003856.JPG
20060412_51835_0200_PP.png,0,0,1,/Users/sakshishetty/.cache/kagglehub/datasets/mariaherrerot/messidor2preprocess/versions/2/messidor-2/messidor-2/preprocess/20060412_51835_0200_PP.png
20060412_52425_0200_PP.png,0,0,1,/Users/sakshishetty/.cache/kagglehub/datasets/mariaherrerot/messidor2preprocess/versions/2/messidor-2/messidor-2/preprocess/20060412_52425_0200_PP.png
20051130_54077_0400_PP.png,0,0,1,/Users/sakshishetty/.cache/kagglehub/datasets/mariaherrerot/messidor2preprocess/versions/2/messidor-2/messidor-2/preprocess/20051130_54077_0400_PP.png
20051020_44782_0100_PP.png,1,0,1,/Users/sakshishetty/.cache/kagglehub/datasets/mariaherrerot/messidor2preprocess/versions/2/messidor-2/messidor-2/preprocess/20051020_44782_0100_PP.png
20051021_51748_0100_PP.png,2,0,1,/Users/sakshishetty/.cache/kagglehub/datasets/mariaherrerot/messidor2preprocess/versions/2/messidor-2/messidor-2/preprocess/20051021_51748_0100_PP.png
IM004508.JPG,2,0,1,/Users/sakshishetty/.cache/kagglehub/datasets/mariaherrerot/messidor2preprocess/versions/2/messidor-2/messidor-2/preprocess/IM004508.JPG
20060523_48816_0100_PP.png,1,0,1,/Users/sakshishetty/.cache/kagglehub/datasets/mariaherrerot/messidor2preprocess/versions/2/messidor-2/messidor-2/preprocess/20060523_48816_0100_PP.png
IM004645.JPG,0,0,1,/Users/sakshishetty/.cache/kagglehub/datasets/mariaherrerot/messidor2preprocess/versions/2/messidor-2/messidor-2/preprocess/IM004645.JPG
20060529_56592_0100_PP.png,0,0,1,/Users/sakshishetty/.cache/kagglehub/datasets/mariaherrerot/messidor2preprocess/versions/2/messidor-2/messidor-2/preprocess/20060529_56592_0100_PP.png
IM003338.JPG,0,0,1,/Users/sakshishetty/.cache/kagglehub/datasets/mariaherrerot/messidor2preprocess/versions/2/messidor-2/messidor-2/preprocess/IM003338.JPG
20051205_35142_0400_PP.png,2,1,1,/Users/sakshishetty/.cache/kagglehub/datasets/mariaherrerot/messidor2preprocess/versions/2/messidor-2/messidor-2/preprocess/20051205_35142_0400_PP.png
IM002895.JPG,0,0,1,/Users/sakshishetty/.cache/kagglehub/datasets/mariaherrerot/messidor2preprocess/versions/2/messidor-2/messidor-2/preprocess/IM002895.JPG
20051216_45992_0200_PP.png,0,0,1,/Users/sakshishetty/.cache/kagglehub/datasets/mariaherrerot/messidor2preprocess/versions/2/messidor-2/messidor-2/preprocess/20051216_45992_0200_PP.png
IM004168.JPG,0,0,1,/Users/sakshishetty/.cache/kagglehub/datasets/mariaherrerot/messidor2preprocess/versions/2/messidor-2/messidor-2/preprocess/IM004168.JPG
IM000168.JPG,0,0,1,/Users/sakshishetty/.cache/kagglehub/datasets/mariaherrerot/messidor2preprocess/versions/2/messidor-2/messidor-2/preprocess/IM000168.JPG
IM002732.JPG,0,0,1,/Users/sakshishetty/.cache/kagglehub/datasets/mariaherrerot/messidor2preprocess/versions/2/messidor-2/messidor-2/preprocess/IM002732.JPG
20051020_44762_0100_PP.png,1,0,1,/Users/sakshishetty/.cache/kagglehub/datasets/mariaherrerot/messidor2preprocess/versions/2/messidor-2/messidor-2/preprocess/20051020_44762_0100_PP.png
20051020_62385_0100_PP.png,3,1,1,/Users/sakshishetty/.cache/kagglehub/datasets/mariaherrerot/messidor2preprocess/versions/2/messidor-2/messidor-2/preprocess/20051020_62385_0100_PP.png
20060523_49010_0100_PP.png,2,1,1,/Users/sakshishetty/.cache/kagglehub/datasets/mariaherrerot/messidor2preprocess/versions/2/messidor-2/messidor-2/preprocess/20060523_49010_0100_PP.png
IM002697.JPG,0,0,1,/Users/sakshishetty/.cache/kagglehub/datasets/mariaherrerot/messidor2preprocess/versions/2/messidor-2/messidor-2/preprocess/IM002697.JPG
20060523_49942_0100_PP.png,2,1,1,/Users/sakshishetty/.cache/kagglehub/datasets/mariaherrerot/messidor2preprocess/versions/2/messidor-2/messidor-2/preprocess/20060523_49942_0100_PP.png
20051216_46847_0200_PP.png,3,1,1,/Users/sakshishetty/.cache/kagglehub/datasets/mariaherrerot/messidor2preprocess/versions/2/messidor-2/messidor-2/preprocess/20051216_46847_0200_PP.png
20051216_47668_0200_PP.png,2,1,1,/Users/sakshishetty/.cache/kagglehub/datasets/mariaherrerot/messidor2preprocess/versions/2/messidor-2/messidor-2/preprocess/20051216_47668_0200_PP.png
20060411_59176_0200_PP.png,2,1,1,/Users/sakshishetty/.cache/kagglehub/datasets/mariaherrerot/messidor2preprocess/versions/2/messidor-2/messidor-2/preprocess/20060411_59176_0200_PP.png
IM003878.JPG,0,0,1,/Users/sakshishetty/.cache/kagglehub/datasets/mariaherrerot/messidor2preprocess/versions/2/messidor-2/messidor-2/preprocess/IM003878.JPG
20051020_63936_0100_PP.png,1,1,1,/Users/sakshishetty/.cache/kagglehub/datasets/mariaherrerot/messidor2preprocess/versions/2/messidor-2/messidor-2/preprocess/20051020_63936_0100_PP.png
20051020_43882_0100_PP.png,1,0,1,/Users/sakshishetty/.cache/kagglehub/datasets/mariaherrerot/messidor2preprocess/versions/2/messidor-2/messidor-2/preprocess/20051020_43882_0100_PP.png
IM003787.JPG,0,0,1,/Users/sakshishetty/.cache/kagglehub/datasets/mariaherrerot/messidor2preprocess/versions/2/messidor-2/messidor-2/preprocess/IM003787.JPG
20060522_45069_0100_PP.png,1,0,1,/Users/sakshishetty/.cache/kagglehub/datasets/mariaherrerot/messidor2preprocess/versions/2/messidor-2/messidor-2/preprocess/20060522_45069_0100_PP.png
20051205_58431_0400_PP.png,0,0,1,/Users/sakshishetty/.cache/kagglehub/datasets/mariaherrerot/messidor2preprocess/versions/2/messidor-2/messidor-2/preprocess/20051205_58431_0400_PP.png
IM004313.JPG,0,0,1,/Users/sakshishetty/.cache/kagglehub/datasets/mariaherrerot/messidor2preprocess/versions/2/messidor-2/messidor-2/preprocess/IM004313.JPG
20060411_61564_0200_PP.png,1,0,1,/Users/sakshishetty/.cache/kagglehub/datasets/mariaherrerot/messidor2preprocess/versions/2/messidor-2/messidor-2/preprocess/20060411_61564_0200_PP.png
IM003229.JPG,4,0,1,/Users/sakshishetty/.cache/kagglehub/datasets/mariaherrerot/messidor2preprocess/versions/2/messidor-2/messidor-2/preprocess/IM003229.JPG
20060523_45235_0100_PP.png,2,0,1,/Users/sakshishetty/.cache/kagglehub/datasets/mariaherrerot/messidor2preprocess/versions/2/messidor-2/messidor-2/preprocess/20060523_45235_0100_PP.png
IM001737.JPG,0,0,1,/Users/sakshishetty/.cache/kagglehub/datasets/mariaherrerot/messidor2preprocess/versions/2/messidor-2/messidor-2/preprocess/IM001737.JPG
IM001423.JPG,0,0,1,/Users/sakshishetty/.cache/kagglehub/datasets/mariaherrerot/messidor2preprocess/versions/2/messidor-2/messidor-2/preprocess/IM001423.JPG
20051205_57651_0400_PP.png,0,0,1,/Users/sakshishetty/.cache/kagglehub/datasets/mariaherrerot/messidor2preprocess/versions/2/messidor-2/messidor-2/preprocess/20051205_57651_0400_PP.png
20051216_45873_0200_PP.png,0,0,1,/Users/sakshishetty/.cache/kagglehub/datasets/mariaherrerot/messidor2preprocess/versions/2/messidor-2/messidor-2/preprocess/20051216_45873_0200_PP.png
20051130_55393_0400_PP.png,0,0,1,/Users/sakshishetty/.cache/kagglehub/datasets/mariaherrerot/messidor2preprocess/versions/2/messidor-2/messidor-2/preprocess/20051130_55393_0400_PP.png
20051205_31949_0400_PP.png,2,0,1,/Users/sakshishetty/.cache/kagglehub/datasets/mariaherrerot/messidor2preprocess/versions/2/messidor-2/messidor-2/preprocess/20051205_31949_0400_PP.png
20060411_61060_0200_PP.png,1,0,1,/Users/sakshishetty/.cache/kagglehub/datasets/mariaherrerot/messidor2preprocess/versions/2/messidor-2/messidor-2/preprocess/20060411_61060_0200_PP.png
IM000160.JPG,0,0,1,/Users/sakshishetty/.cache/kagglehub/datasets/mariaherrerot/messidor2preprocess/versions/2/messidor-2/messidor-2/preprocess/IM000160.JPG
IM002399.JPG,0,0,1,/Users/sakshishetty/.cache/kagglehub/datasets/mariaherrerot/messidor2preprocess/versions/2/messidor-2/messidor-2/preprocess/IM002399.JPG
20051214_57230_0100_PP.png,2,0,1,/Users/sakshishetty/.cache/kagglehub/datasets/mariaherrerot/messidor2preprocess/versions/2/messidor-2/messidor-2/preprocess/20051214_57230_0100_PP.png
IM002530.JPG,1,0,1,/Users/sakshishetty/.cache/kagglehub/datasets/mariaherrerot/messidor2preprocess/versions/2/messidor-2/messidor-2/preprocess/IM002530.JPG
20051205_58409_0400_PP.png,0,0,1,/Users/sakshishetty/.cache/kagglehub/datasets/mariaherrerot/messidor2preprocess/versions/2/messidor-2/messidor-2/preprocess/20051205_58409_0400_PP.png
IM002472.JPG,0,0,1,/Users/sakshishetty/.cache/kagglehub/datasets/mariaherrerot/messidor2preprocess/versions/2/messidor-2/messidor-2/preprocess/IM002472.JPG
IM001797.JPG,0,0,1,/Users/sakshishetty/.cache/kagglehub/datasets/mariaherrerot/messidor2preprocess/versions/2/messidor-2/messidor-2/preprocess/IM001797.JPG
20051110_38280_0400_PP.png,0,0,1,/Users/sakshishetty/.cache/kagglehub/datasets/mariaherrerot/messidor2preprocess/versions/2/messidor-2/messidor-2/preprocess/20051110_38280_0400_PP.png
IM003603.JPG,1,0,1,/Users/sakshishetty/.cache/kagglehub/datasets/mariaherrerot/messidor2preprocess/versions/2/messidor-2/messidor-2/preprocess/IM003603.JPG
20051205_59738_0400_PP.png,0,0,1,/Users/sakshishetty/.cache/kagglehub/datasets/mariaherrerot/messidor2preprocess/versions/2/messidor-2/messidor-2/preprocess/20051205_59738_0400_PP.png
20051202_54197_0400_PP.png,2,0,1,/Users/sakshishetty/.cache/kagglehub/datasets/mariaherrerot/messidor2preprocess/versions/2/messidor-2/messidor-2/preprocess/20051202_54197_0400_PP.png
IM001738.JPG,0,0,1,/Users/sakshishetty/.cache/kagglehub/datasets/mariaherrerot/messidor2preprocess/versions/2/messidor-2/messidor-2/preprocess/IM001738.JPG
IM004391.JPG,0,0,1,/Users/sakshishetty/.cache/kagglehub/datasets/mariaherrerot/messidor2preprocess/versions/2/messidor-2/messidor-2/preprocess/IM004391.JPG
20051201_37382_0400_PP.png,0,0,1,/Users/sakshishetty/.cache/kagglehub/datasets/mariaherrerot/messidor2preprocess/versions/2/messidor-2/messidor-2/preprocess/20051201_37382_0400_PP.png
20060523_48425_0100_PP.png,1,0,1,/Users/sakshishetty/.cache/kagglehub/datasets/mariaherrerot/messidor2preprocess/versions/2/messidor-2/messidor-2/preprocess/20060523_48425_0100_PP.png
IM001181.JPG,0,0,1,/Users/sakshishetty/.cache/kagglehub/datasets/mariaherrerot/messidor2preprocess/versions/2/messidor-2/messidor-2/preprocess/IM001181.JPG
20051214_41429_0100_PP.png,2,0,1,/Users/sakshishetty/.cache/kagglehub/datasets/mariaherrerot/messidor2preprocess/versions/2/messidor-2/messidor-2/preprocess/20051214_41429_0100_PP.png
20060407_44285_0200_PP.png,2,0,1,/Users/sakshishetty/.cache/kagglehub/datasets/mariaherrerot/messidor2preprocess/versions/2/messidor-2/messidor-2/preprocess/20060407_44285_0200_PP.png
20051216_44092_0200_PP.png,0,0,1,/Users/sakshishetty/.cache/kagglehub/datasets/mariaherrerot/messidor2preprocess/versions/2/messidor-2/messidor-2/preprocess/20051216_44092_0200_PP.png
20051201_37462_0400_PP.png,0,0,1,/Users/sakshishetty/.cache/kagglehub/datasets/mariaherrerot/messidor2preprocess/versions/2/messidor-2/messidor-2/preprocess/20051201_37462_0400_PP.png
20051020_53178_0100_PP.png,3,1,1,/Users/sakshishetty/.cache/kagglehub/datasets/mariaherrerot/messidor2preprocess/versions/2/messidor-2/messidor-2/preprocess/20051020_53178_0100_PP.png
IM000777.JPG,0,0,1,/Users/sakshishetty/.cache/kagglehub/datasets/mariaherrerot/messidor2preprocess/versions/2/messidor-2/messidor-2/preprocess/IM000777.JPG
20051021_51936_0100_PP.png,0,0,1,/Users/sakshishetty/.cache/kagglehub/datasets/mariaherrerot/messidor2preprocess/versions/2/messidor-2/messidor-2/preprocess/20051021_51936_0100_PP.png
IM003580.JPG,0,0,1,/Users/sakshishetty/.cache/kagglehub/datasets/mariaherrerot/messidor2preprocess/versions/2/messidor-2/messidor-2/preprocess/IM003580.JPG
20051214_41582_0100_PP.png,2,1,1,/Users/sakshishetty/.cache/kagglehub/datasets/mariaherrerot/messidor2preprocess/versions/2/messidor-2/messidor-2/preprocess/20051214_41582_0100_PP.png
20060412_60845_0200_PP.png,1,0,1,/Users/sakshishetty/.cache/kagglehub/datasets/mariaherrerot/messidor2preprocess/versions/2/messidor-2/messidor-2/preprocess/20060412_60845_0200_PP.png
20051201_38211_0400_PP.png,0,0,1,/Users/sakshishetty/.cache/kagglehub/datasets/mariaherrerot/messidor2preprocess/versions/2/messidor-2/messidor-2/preprocess/20051201_38211_0400_PP.png
20060523_45316_0100_PP.png,0,0,1,/Users/sakshishetty/.cache/kagglehub/datasets/mariaherrerot/messidor2preprocess/versions/2/messidor-2/messidor-2/preprocess/20060523_45316_0100_PP.png
20060412_51677_0200_PP.png,2,1,1,/Users/sakshishetty/.cache/kagglehub/datasets/mariaherrerot/messidor2preprocess/versions/2/messidor-2/messidor-2/preprocess/20060412_51677_0200_PP.png
IM002442.JPG,0,0,1,/Users/sakshishetty/.cache/kagglehub/datasets/mariaherrerot/messidor2preprocess/versions/2/messidor-2/messidor-2/preprocess/IM002442.JPG
20051214_56534_0100_PP.png,2,0,1,/Users/sakshishetty/.cache/kagglehub/datasets/mariaherrerot/messidor2preprocess/versions/2/messidor-2/messidor-2/preprocess/20051214_56534_0100_PP.png
20060522_45967_0100_PP.png,1,0,1,/Users/sakshishetty/.cache/kagglehub/datasets/mariaherrerot/messidor2preprocess/versions/2/messidor-2/messidor-2/preprocess/20060522_45967_0100_PP.png
IM004226.JPG,0,0,1,/Users/sakshishetty/.cache/kagglehub/datasets/mariaherrerot/messidor2preprocess/versions/2/messidor-2/messidor-2/preprocess/IM004226.JPG
IM004606.JPG,0,0,1,/Users/sakshishetty/.cache/kagglehub/datasets/mariaherrerot/messidor2preprocess/versions/2/messidor-2/messidor-2/preprocess/IM004606.JPG
20060529_56338_0100_PP.png,2,0,1,/Users/sakshishetty/.cache/kagglehub/datasets/mariaherrerot/messidor2preprocess/versions/2/messidor-2/messidor-2/preprocess/20060529_56338_0100_PP.png
IM000762.JPG,0,0,1,/Users/sakshishetty/.cache/kagglehub/datasets/mariaherrerot/messidor2preprocess/versions/2/messidor-2/messidor-2/preprocess/IM000762.JPG
20060410_47331_0200_PP.png,1,0,1,/Users/sakshishetty/.cache/kagglehub/datasets/mariaherrerot/messidor2preprocess/versions/2/messidor-2/messidor-2/preprocess/20060410_47331_0200_PP.png
20060410_47186_0200_PP.png,0,0,1,/Users/sakshishetty/.cache/kagglehub/datasets/mariaherrerot/messidor2preprocess/versions/2/messidor-2/messidor-2/preprocess/20060410_47186_0200_PP.png
20051205_59300_0400_PP.png,1,0,1,/Users/sakshishetty/.cache/kagglehub/datasets/mariaherrerot/messidor2preprocess/versions/2/messidor-2/messidor-2/preprocess/20051205_59300_0400_PP.png
20051216_45375_0200_PP.png,1,0,1,/Users/sakshishetty/.cache/kagglehub/datasets/mariaherrerot/messidor2preprocess/versions/2/messidor-2/messidor-2/preprocess/20051216_45375_0200_PP.png
20051213_62251_0100_PP.png,0,0,1,/Users/sakshishetty/.cache/kagglehub/datasets/mariaherrerot/messidor2preprocess/versions/2/messidor-2/messidor-2/preprocess/20051213_62251_0100_PP.png
IM001461.JPG,0,0,1,/Users/sakshishetty/.cache/kagglehub/datasets/mariaherrerot/messidor2preprocess/versions/2/messidor-2/messidor-2/preprocess/IM001461.JPG
IM003564.JPG,0,0,1,/Users/sakshishetty/.cache/kagglehub/datasets/mariaherrerot/messidor2preprocess/versions/2/messidor-2/messidor-2/preprocess/IM003564.JPG
20060407_45949_0200_PP.png,0,0,1,/Users/sakshishetty/.cache/kagglehub/datasets/mariaherrerot/messidor2preprocess/versions/2/messidor-2/messidor-2/preprocess/20060407_45949_0200_PP.png
IM001687.JPG,0,0,1,/Users/sakshishetty/.cache/kagglehub/datasets/mariaherrerot/messidor2preprocess/versions/2/messidor-2/messidor-2/preprocess/IM001687.JPG
20060410_44345_0200_PP.png,0,0,1,/Users/sakshishetty/.cache/kagglehub/datasets/mariaherrerot/messidor2preprocess/versions/2/messidor-2/messidor-2/preprocess/20060410_44345_0200_PP.png
20051130_60760_0400_PP.png,1,0,1,/Users/sakshishetty/.cache/kagglehub/datasets/mariaherrerot/messidor2preprocess/versions/2/messidor-2/messidor-2/preprocess/20051130_60760_0400_PP.png
20060412_58471_0200_PP.png,2,0,1,/Users/sakshishetty/.cache/kagglehub/datasets/mariaherrerot/messidor2preprocess/versions/2/messidor-2/messidor-2/preprocess/20060412_58471_0200_PP.png
IM003626.JPG,0,0,1,/Users/sakshishetty/.cache/kagglehub/datasets/mariaherrerot/messidor2preprocess/versions/2/messidor-2/messidor-2/preprocess/IM003626.JPG
IM002821.JPG,0,0,1,/Users/sakshishetty/.cache/kagglehub/datasets/mariaherrerot/messidor2preprocess/versions/2/messidor-2/messidor-2/preprocess/IM002821.JPG
20051205_59379_0400_PP.png,0,0,1,/Users/sakshishetty/.cache/kagglehub/datasets/mariaherrerot/messidor2preprocess/versions/2/messidor-2/messidor-2/preprocess/20051205_59379_0400_PP.png
IM002501.JPG,0,0,1,/Users/sakshishetty/.cache/kagglehub/datasets/mariaherrerot/messidor2preprocess/versions/2/messidor-2/messidor-2/preprocess/IM002501.JPG
IM001950.JPG,0,0,1,/Users/sakshishetty/.cache/kagglehub/datasets/mariaherrerot/messidor2preprocess/versions/2/messidor-2/messidor-2/preprocess/IM001950.JPG
20060523_48477_0100_PP.png,2,0,1,/Users/sakshishetty/.cache/kagglehub/datasets/mariaherrerot/messidor2preprocess/versions/2/messidor-2/messidor-2/preprocess/20060523_48477_0100_PP.png
20051202_39630_0400_PP.png,1,0,1,/Users/sakshishetty/.cache/kagglehub/datasets/mariaherrerot/messidor2preprocess/versions/2/messidor-2/messidor-2/preprocess/20051202_39630_0400_PP.png
20060523_50234_0100_PP.png,2,0,1,/Users/sakshishetty/.cache/kagglehub/datasets/mariaherrerot/messidor2preprocess/versions/2/messidor-2/messidor-2/preprocess/20060523_50234_0100_PP.png
20060411_60426_0200_PP.png,2,0,1,/Users/sakshishetty/.cache/kagglehub/datasets/mariaherrerot/messidor2preprocess/versions/2/messidor-2/messidor-2/preprocess/20060411_60426_0200_PP.png
20051020_62510_0100_PP.png,0,0,1,/Users/sakshishetty/.cache/kagglehub/datasets/mariaherrerot/messidor2preprocess/versions/2/messidor-2/messidor-2/preprocess/20051020_62510_0100_PP.png
20051020_58065_0100_PP.png,0,0,1,/Users/sakshishetty/.cache/kagglehub/datasets/mariaherrerot/messidor2preprocess/versions/2/messidor-2/messidor-2/preprocess/20051020_58065_0100_PP.png
IM002384.JPG,0,0,1,/Users/sakshishetty/.cache/kagglehub/datasets/mariaherrerot/messidor2preprocess/versions/2/messidor-2/messidor-2/preprocess/IM002384.JPG
20060407_40957_0200_PP.png,1,0,1,/Users/sakshishetty/.cache/kagglehub/datasets/mariaherrerot/messidor2preprocess/versions/2/messidor-2/messidor-2/preprocess/20060407_40957_0200_PP.png
20060412_62960_0200_PP.png,3,1,1,/Users/sakshishetty/.cache/kagglehub/datasets/mariaherrerot/messidor2preprocess/versions/2/messidor-2/messidor-2/preprocess/20060412_62960_0200_PP.png
IM004668.JPG,0,0,1,/Users/sakshishetty/.cache/kagglehub/datasets/mariaherrerot/messidor2preprocess/versions/2/messidor-2/messidor-2/preprocess/IM004668.JPG
20060522_45455_0100_PP.png,2,1,1,/Users/sakshishetty/.cache/kagglehub/datasets/mariaherrerot/messidor2preprocess/versions/2/messidor-2/messidor-2/preprocess/20060522_45455_0100_PP.png
20060412_58945_0200_PP.png,1,0,1,/Users/sakshishetty/.cache/kagglehub/datasets/mariaherrerot/messidor2preprocess/versions/2/messidor-2/messidor-2/preprocess/20060412_58945_0200_PP.png
20060529_56039_0100_PP.png,0,0,1,/Users/sakshishetty/.cache/kagglehub/datasets/mariaherrerot/messidor2preprocess/versions/2/messidor-2/messidor-2/preprocess/20060529_56039_0100_PP.png
IM001483.JPG,0,0,1,/Users/sakshishetty/.cache/kagglehub/datasets/mariaherrerot/messidor2preprocess/versions/2/messidor-2/messidor-2/preprocess/IM001483.JPG
20051212_38000_0400_PP.png,2,0,1,/Users/sakshishetty/.cache/kagglehub/datasets/mariaherrerot/messidor2preprocess/versions/2/messidor-2/messidor-2/preprocess/20051212_38000_0400_PP.png
IM003725.JPG,0,0,1,/Users/sakshishetty/.cache/kagglehub/datasets/mariaherrerot/messidor2preprocess/versions/2/messidor-2/messidor-2/preprocess/IM003725.JPG
IM003071.JPG,0,0,1,/Users/sakshishetty/.cache/kagglehub/datasets/mariaherrerot/messidor2preprocess/versions/2/messidor-2/messidor-2/preprocess/IM003071.JPG
IM001308.JPG,0,0,1,/Users/sakshishetty/.cache/kagglehub/datasets/mariaherrerot/messidor2preprocess/versions/2/messidor-2/messidor-2/preprocess/IM001308.JPG
20060407_45494_0200_PP.png,2,0,1,/Users/sakshishetty/.cache/kagglehub/datasets/mariaherrerot/messidor2preprocess/versions/2/messidor-2/messidor-2/preprocess/20060407_45494_0200_PP.png
20060522_45873_0100_PP.png,0,0,1,/Users/sakshishetty/.cache/kagglehub/datasets/mariaherrerot/messidor2preprocess/versions/2/messidor-2/messidor-2/preprocess/20060522_45873_0100_PP.png
20060410_44504_0200_PP.png,0,0,1,/Users/sakshishetty/.cache/kagglehub/datasets/mariaherrerot/messidor2preprocess/versions/2/messidor-2/messidor-2/preprocess/20060410_44504_0200_PP.png
IM000093.JPG,2,0,1,/Users/sakshishetty/.cache/kagglehub/datasets/mariaherrerot/messidor2preprocess/versions/2/messidor-2/messidor-2/preprocess/IM000093.JPG
IM001008.JPG,0,0,1,/Users/sakshishetty/.cache/kagglehub/datasets/mariaherrerot/messidor2preprocess/versions/2/messidor-2/messidor-2/preprocess/IM001008.JPG
20060410_40146_0200_PP.png,2,0,1,/Users/sakshishetty/.cache/kagglehub/datasets/mariaherrerot/messidor2preprocess/versions/2/messidor-2/messidor-2/preprocess/20060410_40146_0200_PP.png
20060407_39306_0200_PP.png,0,0,1,/Users/sakshishetty/.cache/kagglehub/datasets/mariaherrerot/messidor2preprocess/versions/2/messidor-2/messidor-2/preprocess/20060407_39306_0200_PP.png
20051130_55074_0400_PP.png,0,0,1,/Users/sakshishetty/.cache/kagglehub/datasets/mariaherrerot/messidor2preprocess/versions/2/messidor-2/messidor-2/preprocess/20051130_55074_0400_PP.png
20051202_39708_0400_PP.png,1,0,1,/Users/sakshishetty/.cache/kagglehub/datasets/mariaherrerot/messidor2preprocess/versions/2/messidor-2/messidor-2/preprocess/20051202_39708_0400_PP.png
IM000405.JPG,1,0,1,/Users/sakshishetty/.cache/kagglehub/datasets/mariaherrerot/messidor2preprocess/versions/2/messidor-2/messidor-2/preprocess/IM000405.JPG
20060407_46422_0200_PP.png,2,0,1,/Users/sakshishetty/.cache/kagglehub/datasets/mariaherrerot/messidor2preprocess/versions/2/messidor-2/messidor-2/preprocess/20060407_46422_0200_PP.png
20051216_47000_0200_PP.png,3,1,1,/Users/sakshishetty/.cache/kagglehub/datasets/mariaherrerot/messidor2preprocess/versions/2/messidor-2/messidor-2/preprocess/20051216_47000_0200_PP.png
20051020_55346_0100_PP.png,3,1,1,/Users/sakshishetty/.cache/kagglehub/datasets/mariaherrerot/messidor2preprocess/versions/2/messidor-2/messidor-2/preprocess/20051020_55346_0100_PP.png
20051212_36640_0400_PP.png,2,0,1,/Users/sakshishetty/.cache/kagglehub/datasets/mariaherrerot/messidor2preprocess/versions/2/messidor-2/messidor-2/preprocess/20051212_36640_0400_PP.png
